name,section,seq,text
8 Ball,Synergies,0,"Compared to other Tarot-generating jokers, 8 Ball is slow to begin with. You would need to draw and play all four 8s in your deck to simply match the expected value of a Cartomancer, and even then, it's not unlikely that you'll whiff every trigger and end up with no Tarots for your effort. However, if you're patient enough to play towards it, you'll find it's one of the most effective Tarot generators in the game. Unlike other Jokers of its kind, an 8 Ball at maximum efficiency can create multiple Tarots per hand without copy effects, outpacing even a Vagabond."
8 Ball,Synergies,1,"The deck-fixing properties that Tarot cards provide can make it easier to play more 8s and thus recursively create more Tarots. The enhancements can help with scoring as well, making up for the rank's relative lack of scoring Jokers. All of this is especially effective if the player is able to get a Red Seal on one of their 8s and then repeatedly copy it."
8 Ball,Synergies,2,"Abandoned Deck and Mad World Deck work best with 8 Ball, as the smaller deck size allows for 8s to be played easier."
8 Ball,Synergies,3,Magic Deck's extra consumable slot is very helpful to hold useful Tarot cards.
8 Ball,Synergies,4,Ghost Deck and Zodiac Deck can potentially benefit from 8 Ball thanks to Spectral and Tarot cards that allow more 8s to be created.
8 Ball,Synergies,5,"Blue Deck gives an extra hand, giving 8 Ball more chances to hit."
8 Ball,Synergies,6,Pair or Three of a Kind of 8s is good to start.
8 Ball,Synergies,7,Five of a Kind or Flush Five wo
8 Ball,Anti-Synergies,0,Nebula Deck's fewer consumable slots makes it harder to hold and use Tarot cards from 8 Ball.
8 Ball,Anti-Synergies,1,"Black Deck, Blast Off Deck and Golden Needle Deck do not work well with 8 Ball due to their lower amount of hands, which reduces the chances for 8 Ball to generate Tarot cards."
8 Ball,Anti-Synergies,2,"Any Joker that limits the amount of 8s that can be played, such as Half Joker, will also reduce the chances for 8 Ball to generate Tarot cards."
8 Ball,Anti-Synergies,3,"8 Ball may prevent the player from maximizing value from Blue Seal, especially when the tarots generate during the last hand and fill up all consumable slots."
Abstract Joker,Synergies,0,"Black Deck works well with the Abstract Joker, as it provides +1 Joker slot."
Abstract Joker,Synergies,1,"Similarly, Five-Card Draw Deck works even better with the Abstract Joker, as it provides +2 Joker slots."
Abstract Joker,Synergies,2,This Joker will increase the Mult of all types of hands by the same amount.
Abstract Joker,Synergies,3,"Near the beginning of the game, this Joker works best with Riff-Raff, which creates up to two Jokers per round."
Abstract Joker,Synergies,4,It gains additional Mult when using any type of Negative Joker.
Abstract Joker,Synergies,5,"This Joker can have anti-synergy with a lone Joker Stencil, since Abstract requires full slots, and Stencil requires empty ones. However, if there are multiple Joker Stencils, these two jokers can actually work quite well with each other, giving a good multiplicative bonus, which is backed up by the +mult from Abstract."
Abstract Joker,Synergies,6,"Antimatter gives an additional Joker slot, and with it, the potential for another +3 Mult."
Abstract Joker,Synergies,7,"The Negative Tag lets the player hold more Jokers irrespective of current Joker slots, especially if combined with one or more Double Tags."
Abstract Joker,Anti-Synergies,0,"Painted Deck and Blast Off Deck are difficult to use with the Abstract Joker, as they have one Joker slot less than usual."
Abstract Joker,Anti-Synergies,1,"Similarly, Cruelty Deck is even more difficult to use with the Abstract Joker, as it has two Joker slots less than usual."
Abstract Joker,Anti-Synergies,2,"Ceremonial Dagger or Madness should not be used with this Joker, as they both destroy Jokers."
Abstract Joker,Anti-Synergies,3,"Verdant Leaf generally requires selling a Joker, meaning that Abstract Joker will lose 3 Mult."
Acrobat,Synergies,0,"Black Deck reduces the available Hands for the player by -1, making it less punishing for the player to use their final hand."
Acrobat,Synergies,1,"Similarly, Blast Off Deck reduces the available Hands for the player by -2, making it less punishing for the player to use their final hand."
Acrobat,Synergies,2,"Golden Needle Deck reduces the player's Hands to 1, meaning Acrobat is automatically activated."
Acrobat,Synergies,3,"This Joker does not directly synergize with any hand. Strategies that involve winning the round with one high-scoring hand like Four of a Kind or Straight Flush can take advantage of this Joker by playing throwaway hands until the Acrobat is activated. Used like this, the Acrobat is virtually a X3 Mult on the entire round score. Conversely, a strategy revolving around playing multiple easy to make hands does not benefit as much."
Acrobat,Synergies,4,"Due to its condition of needing the final hand to be played, Acrobat does have some relevant synergies for other Jokers:"
Acrobat,Synergies,5,"Dusk retriggers all cards of the final hand, increasing scoring power depending on card Enhancements."
Acrobat,Synergies,6,"In general, any Joker that adds additive Mult will work well alongside Acrobat."
Acrobat,Synergies,7,Mystic Summit will usually be active alongside Acrobat as long as the player remembers to expend all remaining discards before the final hand.
Acrobat,Synergies,8,"Scaling Jokers that require hands to be played (e.g. Square Joker and Wee Joker) also work well, as hands can be used to scale them before preparing the winn"
Acrobat,Anti-Synergies,0,"Green Deck: As expending all hands is necessary to activate Acrobat, it leaves no additional hands leftover for bonus Money, possibly less if all discards were used as well."
Acrobat,Anti-Synergies,1,"Jokers that decrease in value when playing hands (e.g. Seltzer and Ice Cream) will likely be used up faster, as Acrobat requires the player to exhaust all hands to trigger."
Acrobat,Anti-Synergies,2,"If Crimson Heart debuffs Acrobat on the final hand, it cannot give its X3 Mult."
Acrobat,Strategy,0,"Acrobat is a useful Joker to have when playing against The Needle Blind, since The Needle will reduce the available hands for the player to only 1, ensuring the X3 Mult from Acrobat will be applied. It is also useful against The Wall and the Violet Vessel, since the player will often go through all of their available hands while trying to overcome the larger score thresholds from those two Blinds, and the X3 Mult may be just enough of a boost to get the player over the finish line."
Ancient Joker,Synergies,0,Black Deck allows for stronger Joker synergies to combine with and build around Ancient Joker and works well to mitigate the fewer hands Black Deck gives.
Ancient Joker,Synergies,1,"Nebula Deck can level up Flushes very quickly, making Ancient Joker work off of a higher base Mult as well as providing modest Chip scaling."
Ancient Joker,Synergies,2,"Zodiac Deck allows you to see more Tarot cards, which can create more Wild cards or other strong enhancements, as well as more Jokers, giving more chances to see one that would work well with Ancient Joker."
Ancient Joker,Synergies,3,"Painted Deck increases your hand size, making it easier to build flushes of the suit Ancient Joker has selected each round."
Ancient Joker,Synergies,4,"All Flush hands benefit greatly (though inconsistently) from Ancient Joker, since they will trigger its effect the maximum number of times compared to other hands. Unlike other Flush-based builds, it is best to not centralize around one suit, as Ancient Joker will only select it one in three times (1/4th on the first selection). Wild cards add flexibility in triggering Ancient Joker when other suits are chosen."
Ancient Joker,Synergies,5,"Ancient Joker provides good scoring by itself, but this can be significantly increased with the effects of other Jokers."
Ancient Joker,Synergies,6,"Since Ancient Joker is a ""When Scored"" effect, retriggering cards will repeat the application of Ancient Joker, such as Dusk, Sock and Buskin, Hack, and Seltzer."
Ancient Joker,Synergies,7,"Similarly, Jokers that apply additive Mult effects when cards are scored, suc"
Ancient Joker,Anti-Synergies,0,"Checkered Deck should be avoided, as it only has two suits, meaning Ancient Joker will be inactive half of the time."
Ancient Joker,Anti-Synergies,1,"Erratic Deck will rarely have evenly distributed suits, making it harder to use Ancient Joker."
Ancient Joker,Anti-Synergies,2,"While Four Fingers can make Flushes easier to play, it enables the player to do so with fewer overall cards, therefore the scoring power of Ancient Joker is weakened if the player opts for a 4-card Flush."
Ancient Joker,Anti-Synergies,3,It may be suitable to hunt for Planet cards if Four Fingers must remain in conjunction with Ancient Joker.
Ancient Joker,Anti-Synergies,4,Suit-based Jokers like Rough Gem or Lusty Joker will not get a lot of benefits since Ancient Joker changes the suit each round.
Ancient Joker,Anti-Synergies,5,"Castle can be awkward to use, especially if they both choose the same suit."
Ancient Joker,Anti-Synergies,6,"Additive Mult Jokers that trigger during the Joker scoring step, such as Mystic Summit, cannot b"
Arrowhead,Synergies,0,"Checkered Deck is the easiest Deck to pair with Arrowhead, since it starts with 26 Spades, allowing the player to play Spade Flushes consistently."
Arrowhead,Synergies,1,"Plasma Deck is arguably the strongest Deck to pair with Arrowhead, as the innate advantage Chips have on it makes Arrowhead's 50 Chips per Spade an immense boon. However, the viability of this playstyle can heavily depend on if the player has already fixed their Deck toward Spade cards."
Arrowhead,Synergies,2,"Black Deck appreciates having such a strong Chips Joker, as it frees up slots for more Mult/Effect Jokers."
Arrowhead,Synergies,3,"Although a potential source of chips for any hand due to its high output, Arrowhead is strongest with Flush hands. These are:"
Arrowhead,Synergies,4,Flush
Arrowhead,Synergies,5,Straight Flush
Arrowhead,Synergies,6,Flush House
Arrowhead,Synergies,7,Flush Five
Arrowhead,Synergies,8,Retrigger Jokers can greatly increase Arrowhead's scoring power.
Arrowhead,Synergies,9,Hanging Chad is a relatively easy Joker to pair with Arrowhead on account of being a Common.
Arrowhead,Synergies,10,"Other retrigger Jokers include Sock and Buskin, Seltzer, and Dusk, although all of these are conditional, unlike Hanging Chad."
Arrowhead,Synergies,11,"Wrathful Joker provides +3 Mult per Spade, giving a small complementary boost to Arrowhead's Chips."
Arrowhead,Synergies,12,"Smeared Joker allows Arrowhead to benefit from Club cards, increasing the scope of its usage."
Arrowhead,Synergies,13,Club-based Jokers like Gluttonous Joker and Onyx Agate may be useful in this context.
Arrowhead,Synergies,14,Blackboard may be useful with Arrowhead once the playe
Arrowhead,Anti-Synergies,0,"Castle as a fellow Chips Joker may be awkward to use alongside Arrowhead, especially if the current suit required for the round is Spades."
Arrowhead,Anti-Synergies,1,"While Four Fingers can make Flushes easier to play, it enables the player to do so with less overall cards, therefore the scoring power of Arrowhead is weakened if the player opts for a 4-card Spade Flush."
Arrowhead,Anti-Synergies,2,It may be suitable to hunt for Planet cards and/or scaling Mult Jokers if Four Fingers must remain in conjunction with Arrowhead.
Arrowhead,Anti-Synergies,3,"The Goad will debuff all Spade cards, meaning Arrowhead cannot activate."
Arrowhead,Anti-Synergies,4,"The Pillar debuffs previously played cards in the Ante, which may debuff a substantial amount of the player's Spade cards if Arrowhead is essential to the current Joker Build."
Arrowhead,Strategy,0,"Unlocking Arrowhead is easiest on the Checkered Deck, which starts with 26 Spade cards, making it substantially easier to reach 30 Spade cards total."
Arrowhead,Strategy,1,Non-spade Wilds or Clubs cards with Smeared Joker do not count towards Arrowhead's unlock condition.
Astronomer,Synergies,0,Zodiac Deck works best with Astronomer thanks to the increased Planet card frequency in the shop.
Astronomer,Synergies,1,"Nebula Deck makes Celestial Packs always give a planet card of your most played hand, which may make the free Celestial Packs more useful."
Astronomer,Synergies,2,"Blast Off Deck starts with an Eternal Constellation and Planet Merchant and Planet Tycoon vouchers, which Astronomer can help proc the given Constellation, and is doubly helpful with the provided Planet Merchant and Planet Tycoon vouchers."
Astronomer,Synergies,3,Any poker hand can benefit from Astronomer.
Astronomer,Synergies,4,Constellation: The free planet cards and packs allow players to buff this Joker up very fast.
Astronomer,Synergies,5,Satellite: The free planet cards and packs allow it to reach its cap faster.
Astronomer,Synergies,6,Campfire: Buying and selling Planet cards will gain you some money while also scaling Campfire.
Astronomer,Synergies,7,"Red Card: Since celestial packs are now completely free, the player can get it scaled up quickly by buying and skipping packs without hurting their economy."
Astronomer,Synergies,8,Planet Merchant and Planet Tycoon make Planet cards appear more often.
Astronomer,Synergies,9,"Telescope guarantees a specific planet in every Celestial Pack, making Astronomer more useful to keep in return."
Astronomer,Synergies,10,"Overstock, Overstock Plus, Reroll Surplus, and Reroll Glut all allow the player to see more cards (and thus more Planet cards) i"
Astronomer,Anti-Synergies,0,"The High Priestess: Although planet cards and celestial packs are free, the High Priestess isn't, making the Tarot card less valuable."
Astronomer,Strategy,0,"As planet cards still sell for $1, Astronomer can be used to make money by buying and selling all planet cards instead of using them."
Banner,Synergies,0,Red Deck's +1 Discard provides more benefits for Banner.
Banner,Synergies,1,"Plasma Deck benefits significantly from the large amount of chips Banner provides, which, when balanced, greatly boost the score for the played hand."
Banner,Synergies,2,"Green Deck discourages discarding, increasing the amount of Chips that Banner gives."
Banner,Synergies,3,"Painted Deck has a larger hand size, which increases the likelihood of drawing a strong Poker Hand without discarding."
Banner,Synergies,4,"Five-Card Draw Deck and Golden Needle Deck both start with 6 discards, which means Banner can supply up to 180 Chips if no Discards are used."
Banner,Synergies,5,"Playing more common hands like High Card, Pair, Two Pair, or Three of a Kind can reduce the need to discard and thus increase this Joker's effectiveness."
Banner,Synergies,6,"Works well with any Jokers that reward you for not discarding, especially Delayed Gratification, Green Joker, and Ramen."
Banner,Synergies,7,"Any Joker that increases the number of discards, for example, Drunkard or Merry Andy, will benefit Banner."
Banner,Synergies,8,"Though, Merry Andy decreases hand size, which could make it harder to form hands."
Banner,Synergies,9,"Jokers that make poker hands easier to make, like Shortcut, Four Fingers, or Smeared Joker, make it easier to assemble a hand without discarding."
Banner,Synergies,10,"Jokers that affect hand size, like Juggler, Turtle Bean, and Troubadour, make it significantly easier to form hands without discarding."
Banner,Anti-Synergies,0,"Black Deck: The -1 hand penalty means players will have to rely on Discards to find winning hands, decreasing Banner's effectiveness."
Banner,Anti-Synergies,1,"Blast Off Deck is even worse than above, as this deck not only starts with 2 hands, which already encourages the player to rely on Discards to find winning hands, but it also only starts with 2 discards, which means Banner gives fewer Chips than usual."
Banner,Anti-Synergies,2,"Without heavy deck modifying, strong hands like Flush, Straight, and Full House will be hard to assemble without using Discards."
Banner,Anti-Synergies,3,"Burglar removes all discards, rendering Banner useless."
Banner,Anti-Synergies,4,"Any Jokers that incentivize discarding, like Burnt Joker, Castle, Mail-In Rebate, Faceless Joker, and Yorick, will decrease Banner's effectiveness."
Banner,Anti-Synergies,5,Banner will never give chips if Mystic Summit is activa
Baron,Synergies,0,"Painted Deck has a larger hand size, making this Joker easier to use."
Baron,Synergies,1,"If the player builds their deck to be mostly Kings, it is best to level up smaller hands such as High Card or Pair to keep as many Kings in hand as possible."
Baron,Synergies,2,Mime doubles this card's multiplier per King (to X2.25 Mult per King).
Baron,Synergies,3,Reserved Parking has a 50% chance of giving $1 for each King (or other face card) held in hand.
Baron,Synergies,4,"Midas Mask can add a buff to scored Kings, providing an additional benefit thereafter when Kings are held in hand."
Baron,Synergies,5,Steel Joker can potentially have synergy with Baron if you're able to make Steel Kings to provide even more X Mult.
Baron,Synergies,6,"Shoot the Moon makes a great pair with Baron, as the +13 Mult from the Queens will each be multiplied by X1.5 Mult. However, for the Queens to trigger before the Kings, you must physically move the Queens to the left of your Kings. Raised Fist effectively does the same thing. Both of these Jokers' +Mult effects are retriggered by Mime, allowing for double the +Mult before the Baron starts giving X Mult"
Baron,Synergies,7,"If the player's deck is mostly comprised of Kings, Juggler and/or Troubadour can increase the maximum number of cards held in hand and thus allow Baron to trigger more times."
Baron,Synergies,8,Tarot generating Jokers like Vagabond can help trim your deck using The Hanged Man to draw Kings
Baron,Anti-Synergies,0,"On Abandoned Deck, Medusa Deck, and Mad World Deck, Baron should be avoided, as they do not naturally contain any Kings."
Baron,Anti-Synergies,1,Five-Card Draw Deck does not work well with this Joker due to the decreased hand size and banning of hand size-increasing Jokers.
Baron,Anti-Synergies,2,"Merry Andy and Stuntman reduce hand size, which means the player holds fewer Kings."
Baron,Anti-Synergies,3,The Plant is a run killer; debuffed Kings render Baron completely useless.
Baron,Anti-Synergies,4,"The Psychic can be a run killer as well—scoring is reliant on playing 5 cards, therefore significantly reducing hand size."
Baron,Anti-Synergies,5,"The Ox sets your money to zero if you play your most often played hand. This is especially detrimental in deep endless runs, where money is essential."
Baron,Anti-Synergies,6,"The Mark draws all face cards face down, making it hard to tell which card is a King."
Baron,Strategy,0,"On first glance, Baron might seem like a small amount of Mult. However, what makes Baron so incredibly strong is that every King or Steel card in hand multiplies your score exponentially. For example, one King only multiplies your score by 1.5x. But two Kings multiplies it by 1.5x twice, which is a 2.25x increase. If an ideal card for Baron is held in hand (a steel King with a red seal), it will produce x1.5⁴ = ~x5.1 Mult. With Mime, this increases to x1.5⁶ = ~x11.4 Mult; with one Blueprint/Brainstorm copying Mime, it increases to x1.5⁸ = ~x25.6 Mult, and with two cards copying each Mime and Baron it rises further to x1.5¹² = ~x130 Mult."
Baron,Strategy,1,"If a player manages to find these four Jokers and enough steel Kings with red seals to fill a hand, they will be able to play far into Endless mode. For example, with a Hand size of eight, the base Mult would be multiplied by ~x619 trillion; with a Hand size of nine this increases to ~80 quadrillion; and with a Hand size of ten it further increases to ~10 quintillion (1.0x10¹⁹). With some base chips and mult, this is enough to finish the first 16 Antes. Using this strategy, players can achieve the elusive Naneinf score, most often on Plasma Deck due to its score balancing mechanic lowering the amount of cards necessary, or on Ghost Deck due to easier access to Spectral cards such as Deja Vu to apply a Red Seal and Cryptid to copy cards, as well as temporarily bypass the hand size limit."
Baron,Strategy,2,The formula of tot
Baseball Card,Synergies,0,"Black Deck's +1 Joker slot is beneficial for Baseball Card, allowing the player to hold an extra Uncommon Joker for an additional X1.5 Mult."
Baseball Card,Synergies,1,"Five-Card Draw Deck works very well with Baseball Card, as this deck not only starts with an Uncommon Joker, but it also gives +2 Joker slots, allowing the player to hold two extra Uncommon Jokers for two additional X1.5 Mult."
Baseball Card,Synergies,2,"Ghost Deck has easier access to multiple useful Spectral cards, including Ectoplasm, which can allow the player to take more Uncommon Jokers to scale Baseball Card."
Baseball Card,Synergies,3,"Anaglyph Deck's double tags can be used to generate a large amount of Uncommon Jokers in a shop, allowing the player more choices on Uncommon Jokers via the Uncommon Tag, and the Negative Tag can potentially generate Uncommon Jokers without the need for empty Joker slots."
Baseball Card,Synergies,4,"Fragile Deck starts with 2 Negative Oops! All 6s, earning the player X2.25 Mult if Baseball Card is acquired."
Baseball Card,Synergies,5,"Blast Off Deck starts with Constellation and Rocket, earning the player X2.25 Mult if Baseball Card is acquired, although it also starts with one fewer Joker slot."
Baseball Card,Synergies,6,"15 Minute City Deck, On a Knife's Edge Deck, Mad World Deck, Medusa Deck, Bram Poker Deck, and Monolith Deck all start with 1 Uncommon Joker, earning the player X1.5 Mult if Baseball Card is acquired."
Baseball Card,Synergies,7,"With Uncommon Jokers like Marble Joker and Stone Joker, High Card builds can work w"
Baseball Card,Anti-Synergies,0,"Painted Deck is difficult to use with Baseball Card due to its -1 Joker slot, which allows fewer Uncommon Jokers to be held at once."
Baseball Card,Anti-Synergies,1,"Similarly, Cruelty Deck is even more difficult to use with Baseball Card due to the -2 Joker slots, which allows even fewer Uncommon Jokers to be held at once."
Blackboard,Synergies,0,"Five-Card Draw Deck works well with Blackboard, as this deck only has a hand size of 5, making it easier to hold Clubs or Spades."
Blackboard,Synergies,1,"Blackboard can potentially work in Flush builds if you can convert the entire deck into Spades and Clubs. However, having one Hearts/Diamonds card in hand will make Blackboard useless, making this strategy risky."
Blackboard,Synergies,2,Blackboard is extremely powerful for High Card and Pair builds. A small hand allows you to play leftover Hearts and Diamonds in your hand and easily trigger Blackboard.
Blackboard,Synergies,3,Wilds in hand will be treated as a Clubs or Spades by the Blackboard.
Blackboard,Synergies,4,"With Blackboard, it's more beneficial to add card modifiers that trigger upon holding cards of Spades and Clubs, as they are more often left in hand:"
Blackboard,Synergies,5,"Steels can give X1.5 Mult, combining on Blackboard to produce high scores."
Blackboard,Synergies,6,Golds and Blue Seal cards can be held until the end of the round for a bonus.
Blackboard,Synergies,7,"Stuntman greatly reduces hand size, significantly increasing the player's chances of their hand containing no Diamonds and Hearts cards."
Blackboard,Synergies,8,"Similarly, Merry Andy reduces hand size and increases discards, making it easier to hold only Spades or Clubs."
Blackboard,Synergies,9,Ouija and {
Blackboard,Anti-Synergies,0,Painted Deck's +2 hand sizes makes it slightly harder to hold only Clubs or Spades in your hand to trigger Blackboard.
Blackboard,Anti-Synergies,1,Stones have no suit and will prevent Blackboard from activating if left in hand.
Blackboard,Anti-Synergies,2,"Troubadour, Turtle Bean, and Juggler have an anti-synergy with Blackboard, as the increased hand size provided by these Jokers makes it harder to hold only Spades or Clubs in your hand."
Blackboard,Anti-Synergies,3,"Notably, Mime will not retrigger Blackboard, despite the ability being ""held in hand""."
Blackboard,Anti-Synergies,4,"Wrathful Joker, Gluttonous Joker, and Seeing Double all rely on playing Spades or Clubs, which can make it harder to hold only Spades/Clubs in hand."
Blackboard,Anti-Synergies,5,"Jokers that rely on playing Hearts or Diamonds, such as Lusty Joker and {"
Bloodstone,Synergies,0,"Checkered Deck is the easiest Deck to pair with Bloodstone, as it starts with 26 Heart cards, which makes playing Heart Flushes consistently an easy task."
Bloodstone,Synergies,1,Blue Deck's extra hand makes it easier to get a winning amount of Bloodstone triggers.
Bloodstone,Synergies,2,"Any Flush hand with the Heart suit works with Bloodstone, such as:"
Bloodstone,Synergies,3,Flush
Bloodstone,Synergies,4,Straight Flush
Bloodstone,Synergies,5,Flush House
Bloodstone,Synergies,6,Flush Five
Bloodstone,Synergies,7,"Although, any 5-card hand that includes 2-3 Heart cards can benefit greatly as well."
Bloodstone,Synergies,8,"Lusty Joker also triggers when Hearts are scored, giving the player a small boost scoring power if the Poker Hand's base Mult is not scaled highly, rendering Bloodstone's X1.5 Mult relatively weak."
Bloodstone,Synergies,9,"Oops! All 6s is incredibly useful, guaranteeing that this Joker's effect triggers. Because Bloodstone works so well with Oops! All 6s, stacking other chance-based Jokers, like Lucky Cat, Business Card, and Hallucination, can be helpful to maximize the value of Oops! All 6s."
Bloodstone,Synergies,10,"Retrigger Jokers are very useful, as they make Bloodstone's inconsistency matter less with more overall triggers."
Bloodstone,Synergies,11,"Other XMult and +Mult on-score Jokers, like The Idol, Triboulet, Fibonacci, and Even Steven, are very helpful, as they push Mult even higher when combined with Bloodstone's effect and other retrigger Jokers."
Bloodstone,Synergies,12,Smeared Joker allows both Diamonds and Hearts to trigger Bloodstone.
Bloodstone,Synergies,13,"Additionally, Smeared Joke"
Bloodstone,Anti-Synergies,0,"Golden Needle Deck makes it very risky to use Bloodstone (unless with Oops! All 6s), as this deck only starts with 1 hand, which means scoring too little at any point will lead to game over."
Bloodstone,Anti-Synergies,1,"While Four Fingers can make Flushes easier to play, it enables the player to do so with less overall cards, therefore the scoring power of Bloodstone is weakened if the player opts for a 4-card Heart Flush."
Bloodstone,Anti-Synergies,2,It may be suitable to hunt for Planet cards and/or scaling Mult Jokers if Four Fingers must remain in conjunction with Bloodstone.
Bloodstone,Anti-Synergies,3,"The Head will debuff all Heart cards, meaning Bloodstone cannot activate."
Bloodstone,Anti-Synergies,4,"The Pillar debuffs all previously played cards of the Ante, which may debuff a substantial amount of the player's Heart cards if Bloodstone is vital to the current Joker Build."
Bloodstone,Strategy,0,Non-heart Wilds and Diamonds cards with Smeared Joker do not count towards Bloodstone's unlock condition.
Bloodstone,Strategy,1,"To unlock Bloodstone, Checkered Deck can make it substantially easier to reach 30 Heart cards total, as it already starts with 26 Heart cards."
Blue Joker,Synergies,0,"Plasma Deck benefits more from the large number of chips Blue Joker provides, which, when balanced, greatly boosts the score for the played hand."
Blue Joker,Synergies,1,"Green Deck can encourage saving Hands or Discards, which can keep the Chips from Blue Joker higher during the round."
Blue Joker,Synergies,2,"Medusa Deck and Monolith Deck both work well with Blue Joker, as these decks both start with a Marble Joker, which means Blue Joker gains +2 Chips for free each blind."
Blue Joker,Synergies,3,"Five-Card Draw Deck's reduced hand size has slight synergy with Blue Joker since fewer cards are drawn to hand, meaning more cards remain in the deck, allowing Blue Joker to stay a bit stronger."
Blue Joker,Synergies,4,"Hands that use fewer cards, are easier to draw, and have fewer base chips benefit more from Blue Joker:"
Blue Joker,Synergies,5,High Card
Blue Joker,Synergies,6,Pair
Blue Joker,Synergies,7,Blue Joker naturally becomes more powerful as more cards are added to the deck and thus synergizes with Jokers such as:
Blue Joker,Synergies,8,DNA
Blue Joker,Synergies,9,Certificate
Blue Joker,Synergies,10,Marble Joker
Blue Joker,Synergies,11,Hologram
Blue Joker,Synergies,12,"Familiar, Grim, and Incantation add cards to the deck and thus increase the value from Blue Joker."
Blue Joker,Anti-Synergies,0,Abandoned Deck and Mad World Deck don't work as well with Blue Joker due to their lower total card count.
Blue Joker,Anti-Synergies,1,"Fragile Deck doesn't work well with Blue Joker, as the player starts with a 52 card deck full of Glasss that are guaranteed to break by virtue of having 2 Oops! All 6s upon starting the challenge, which makes Blue Joker quickly fall off in value on this deck."
Blue Joker,Anti-Synergies,2,Erosion gains Mult for having fewer cards in the deck.
Blue Joker,Anti-Synergies,3,"The Hook discards two random cards every hand played, potentially weakening Blue Joker."
Blue Joker,Strategy,0,"While Blue Joker does get stronger the more cards are in the deck and weaker the fewer cards are in the deck, this might not be the best way to think about Blue Joker. Instead, it is best to think about Blue Joker as if it gave +70 Chips on average, as it often gives this amount of chips within a normal deck. From that perspective, Blue Joker is one of the strongest and most reliable chip jokers at common, especially in the early game."
Blueprint,Synergies,0,"By its nature, any deck can make effective use of Blueprint. Its effect is highly flexible and can benefit nearly any archetype of deck, aside from Madness without Eternal Stickers."
Blueprint,Synergies,1,Any hand can benefit from Blueprint in the usual ways. The only hand-specific Jokers that are incompatible with Blueprint are independent effects such as Shortcut.
Blueprint,Synergies,2,Blueprint is an essential Joker and combines well with virtually any other Joker to double its effect.
Blueprint,Synergies,3,"When stacked with Brainstorm or another Blueprint, each will add one more copy of the copied effect."
Blueprint,Synergies,4,"When combining Blueprint with Brainstorm, Blueprint can be placed to the left of Brainstorm or to the left of the leftmost Joker (to be copied), depending on the desired order of Joker activation."
Blueprint,Synergies,5,"As a rule of thumb, copying a Joker with X Mult or retrigger is usually better than copying +Chips or +Mult. The optimal placement for maximum score can be difficult to determine, so consider all possible options."
Blueprint,Synergies,6,"When multiple copies are combined with Baron and Mime, while using Plasma Deck, players can achieve the elusive Naneinf score."
Blueprint,Synergies,7,Copying a Joker that earns $money or creates cards (especially Tarot) is a great option when boosting score is not necessary.
Blueprint,Synergies,8,"When copying chance-based Jokers like Space Joker, the chance is rolled"
Blueprint,Anti-Synergies,0,"On a Knife's Edge Deck starts with a copy of Ceremonial Dagger pinned in the leftmost position, which means it can't be copied by Blueprint (unless it's copying Brainstorm), limiting it's usage."
Blueprint,Anti-Synergies,1,"Amber Acorn: This boss blind flips and shuffles Jokers around, which can make Blueprint copy the incorrect Joker, or copy nothing at all if it happens to be moved to the rightmost position or to the left of an incompatible Joker, for at least one hand."
Blueprint,Strategy,0,"If the player presses ""Play Hand"", then quickly attempts to move Blueprint to a different position in the joker panel while the hand is scoring, the Blueprint will copy the effect of the joker that it was to the left of before the hand is played. For example, if a player has three jokers, positioned in this way before playing this hand: Blueprint, Greedy Joker, and Fibonacci, then attempted to move the Blueprint to the right of Greedy Joker and to the left of Fibonacci immediately after the ""Play Hand"" button is triggered, the Blueprint will trigger the effect of Greedy Joker instead of Fibonacci."
Blueprint,Strategy,1,"However, the copy order changes once the round is complete. For example, if the player moves your Blueprint to copy Mime while your winning hand is scoring, then the player will receive the benefits of multiple copies of Mime during the end-of-round effects (such as Golds or Blue Seal). Players should move all of their copies of Blueprint and Brainstorm onto Mime while their final hand is scoring for maximum Gold card and Blue Seal value."
Bootstraps,Synergies,0,Yellow Deck's starting Money bonus makes it easier to build up money quickly.
Bootstraps,Synergies,1,"Rich get Richer Deck also encourages the player to have a lot of money, similar to Bootstraps."
Bootstraps,Synergies,2,"Blast Off Deck starts with an Eternal Rocket, which allows Bootstraps to get a lot of value pretty quickly."
Bootstraps,Synergies,3,Any hand can benefit from Bootstraps.
Bootstraps,Synergies,4,Bull similarly provides a Chips boost for having Money.
Bootstraps,Synergies,5,"Investment Tag, Handy Tag, Garbage Tag, Economy Tag, Speed Tag all give money if the player is willing to skip blinds for them. Investment and Economy though are the best ones for Bootstraps, as Investment will add a hefty +10 Mult to Bootstraps's Mult value once the Boss blind is defeated, and Economy can grant up $40."
Bootstraps,Strategy,0,"While Bootstrap's unlock condition may appear difficult to achieve, under the right circumstances it can be surprisingly easy."
Bootstraps,Strategy,1,"Ghost Deck starts the player with a Hex, allowing any of the run's first purchased Jokers to become Polychrome."
Bootstraps,Strategy,2,"In addition to this, Hex cannot destroy Eternal Jokers, making the requirement even easier on Black Stake and above."
Bootstraps,Strategy,3,"As long as the player uses the given Hex on an Eternal Joker, the unlock can be achieved by finding a second Hex in the shop due to Ghost Deck's innate ability."
Bootstraps,Strategy,4,"Alternatively, the player can use Ankh or Invisible Joker to duplicate the Polychrome Joker to unlock the requirement."
Brainstorm,Synergies,0,"Due to the difference in the way it copies a card, and the nature of Jokers triggering left to right, Brainstorm will always be in Blueprint's shadow — by a small amount. Brainstorm's disadvantage is that xMult Jokers (such as Cavendish) must be placed all the way to the left to be copied by Brainstorm, meaning the player cannot multiply the Mult from +Mult Jokers such as Supernova twice. For example, Supernova + Blueprint + The Trio will score more than The Trio + Supernova + Brainstorm. However, a Polychrome Brainstorm can copy a +Mult Joker to its left while still allowing the full benefit of its edition effect. Some notable targets for copying include Jokers that make money mid-Blind such as Mail-In Rebate, retrigger Jokers such as Dusk, and xMult Jokers that trigger before most +Mult jokers anyways, such as Baron, Photograph or Bloodstone. When multiple copies are combined with Baron and Mime, usually while using Plasma Deck, players can achieve the elusive Naneinf score."
Brainstorm,Synergies,1,"When copying a Blueprint, Brainstorm will copy whichever effect Blueprint is copying, not the Blueprint itself."
Brainstorm,Synergies,2,"While it will not work with them, Jokers such as Smeared Joker and Four Fingers can be used to unlock Brainstorm more easily."
Brainstorm,Synergies,3,See the Blueprint page for more general copying strategies.
Brainstorm,Anti-Synergies,0,"On a Knife's Edge Deck starts with a copy of Ceremonial Dagger pinned to the leftmost position, which means Brainstorm can only copy that Joker, limiting its usage."
Brainstorm,Anti-Synergies,1,"Amber Acorn: This Showdown Blind flips and shuffles Jokers around, potentially causing Brainstorm to copy the incorrect Joker, or copy nothing at all if it happens to be moved to the leftmost position or the leftmost Joker is incompatible for at least one hand."
Brainstorm,Anti-Synergies,2,"However, this can be easily mitigated, by holding the Joker which the player wants to copy in hand, before Amber Acorn starts shuffling. This allows for the player to put the designated Joker in the leftmost position regardless of shufflin"
Brainstorm,Strategy,0,"If the player presses ""Play Hand"", then quickly attempts to change the leftmost Joker while the hand is scoring, then Brainstorm will copy the effect of the leftmost Joker before the hand is played. For example, if a player has three Jokers, positioned in this way before playing this hand: Lusty Joker, Smiley Face, and Brainstorm, then attempting to move the Smiley Face to the leftmost position immediately after the ""Play Hand"" button is pressed, the Brainstorm will copy the effect of Lusty Joker instead of Smiley Face."
Brainstorm,Strategy,1,"However, the copy order changes once the round is complete. For example, if the player moves Mime to the leftmost position while the player's winning hand is scoring, then the player will receive the benefits of multiple copies of Mime during the end-of-round effects (such as Golds or Blue Seal). Players should move all of their copies of Blueprint and Brainstorm onto Mime while their final hand is scoring for maximum Gold card or Blue Seal value."
Brainstorm,Strategy,2,"Unlocking Brainstorm can be done easily on either Red Deck, Checkered Deck, or Painted Deck by simply starting a run below Blue Stake and intentionally expending Hands as Discards before drawing a Royal Flush to discard."
Bull,Synergies,0,"Yellow Deck starts the player off with $14, giving Bull a boost not granted by any other Deck."
Bull,Synergies,1,"Plasma Deck focuses more on Chips than Mult, meaning that Bull can become a strong Joker even into the late-game assuming the player doesn't spend too much money."
Bull,Synergies,2,"Blast Off Deck starts with an Eternal Rocket, which allows Bull to get a lot of value pretty quickly."
Bull,Synergies,3,"Bull's bonus chips work well with any Hand, but it might be easier to start with high Mult Hands such as Full House."
Bull,Synergies,4,Bootstraps similarly provides a Mult boost for having money.
Bull,Synergies,5,"All Economy Jokers, like Rocket or Golden Ticket help accumulate money quickly."
Bull,Synergies,6,"Midas Mask, while not directly being an Economy Joker, can create Gold cards which can then earn money."
Bull,Synergies,7,"Golds give $3 at the end of the round, and can be doubled when combined with Mime."
Bull,Synergies,8,Luckys have a 1 in 15 chance to give $20. Retrigger Jokers or Oops! All 6s are recommended.
Bull,Synergies,9,"Gold Seal gives $3 when triggered, which is especially useful when combined with retrigger Jokers like Hanging Chad."
Bull,Synergies,10,The Hermit can give up to $20.
Bull,Anti-Synergies,0,"In Rich get Richer Deck, Bull gives fewer chips than usual due to the cap on Chips, although it does always ensure Chips are maximised."
Bull,Anti-Synergies,1,Green Deck has poor synergy because it encourages the player to spend money as they earn it.
Bull,Anti-Synergies,2,"Luxury Tax Deck encourages the player to not have too much money, which can make it harder to use Bull effectively."
Bull,Anti-Synergies,3,"The Omelette Deck, while not being a direct counter, makes it very hard to get money, making Bull weaker."
Bull,Anti-Synergies,4,Vagabond will never generate any Tarot cards if the player has a lot of money.
Bull,Anti-Synergies,5,Credit Card is useless as going into debt makes Bull do nothing.
Bull,Anti-Synergies,6,"The Ox can neutralize Bull if the most played hand is played, resetting money to $0."
Burglar,Synergies,0,"Green Deck: As leftover hands and discards act as a pseudo-Interest, Burglar essentially trades $1 from each removed discard for $2 for each of the 3 extra hands."
Burglar,Synergies,1,"Black Deck: Burglar mitigates the -1 Hand downside while also adding 2 extra hands, but removes all discards."
Burglar,Synergies,2,"Burglar's extra hands make use of poker hands that can be played at a high frequency, such as High Card, Pair, or Two Pair. On a deck that concentrates on one specific rank, this can also be Three of a Kind, Five of a Kind, or Flush Five."
Burglar,Synergies,3,"Ride the Bus, Green Joker, Square Joker, Spare Trousers, or Supernova all scale from playing hands, which is made way easier thanks to Burglar."
Burglar,Synergies,4,Burglar removing all discards allows Mystic Summit to always trigger its +15 Mult effect.
Burglar,Synergies,5,"Burglar, unlike its discard counterpart Merry Andy, can be copied by Blueprint/Brainstorm for an extra 3 hands each copy. This effect also poses no downside because of how the copying effects can be used on another Joker afterwards without any consequences."
Burglar,Synergies,6,"Additionally, because of how Burglar triggers when blind is selected, the player can abuse this by setting the game speed down and swapping Burglar with other Jokers that also trigger at the start of round, such as Marble Joker or Certificate for Blueprint/Brainstorm to copy after Bu"
Burglar,Anti-Synergies,0,Red Deck and Five-Card Draw Deck: The extra discards provided by them are negated when a blind is selected.
Burglar,Anti-Synergies,1,Any Joker that triggers off of discards like Banner and Delayed Gratification will have no effect.
Burglar,Anti-Synergies,2,"Jokers that need cards to be discarded to scale, like Yorick and Castle, can no longer scale."
Burglar,Anti-Synergies,3,Jokers that give extra discards like Drunkard and Merry Andy will have no effect.
Burglar,Anti-Synergies,4,"The Merry Andy, in particular, with the Burglar, will only decrease hand size by 1."
Burglar,Anti-Synergies,5,"Jokers that activate on discard, like Mail-In Rebate, Trading Card, and Burnt Joker, can no longer function."
Burglar,Anti-Synergies,6,Jokers that decrease in value when playing hands like Seltzer and Ice Cream will likely be used up faster.
Burglar,Anti-Synergies,7,"Jokers that activate on the final hand, such as Acrobat and Dusk. Given that Burglar provides more"
Burglar,Strategy,0,"Burglar allows Jokers that scale off of played hands to scale much faster, such as Ride the Bus, Green Joker, Square Joker, Spare Trousers, or Supernova."
Burglar,Strategy,1,"Burglar lets the player generate much more resources with Jokers that generate value off of played hands, such as Reserved Parking, Space Joker, or Vagabond."
Burglar,Strategy,2,"A build capable of scoring the elusive Naneinf score typically consists of playing on the Plasma Deck while on the Boss Blind The Serpent, after copying Burglar with Blueprint and Brainstorm, and holding both Baron and Mime."
Burnt Joker,Synergies,0,Red Deck - The +1 discard makes the Burnt Joker have less of a downside.
Burnt Joker,Synergies,1,Checkered Deck - Only having two suits makes it significantly more likely to have a Flush in hand at all times.
Burnt Joker,Synergies,2,Abandoned Deck - The lack of face cards makes it easier to find certain hands for Burnt Joker to discard without using a lot of hands.
Burnt Joker,Synergies,3,"Simple hands such as Pairs or High Cards are more likely to naturally occur, thus making them easier to discard and level up."
Burnt Joker,Synergies,4,"Blueprint or Brainstorm - Synergizes incredibly well, as after the desired hand is discarded it can be moved to copy a different Joker before a hand is played."
Burnt Joker,Synergies,5,"Drunkard and Merry Andy increase the number of Discards, making the first Discard for Burnt Joker inconsequential."
Burnt Joker,Synergies,6,"Jokers that make a particular hand easier to produce, such as Four Fingers, Shortcut, and Smeared Joker, can make it easier to discard their related hands, especially if you then want to be able to play the same hand immediately afterwards; Four Fingers and Shortcut also allow you to hit the relevant hand when discarding fewer cards, for situations when there are cards in your hand you want to keep."
Burnt Joker,Synergies,7,"Wasteful and Recyclomancy both increase discards, making the first discards for Burnt Joker inconsequential."
Burnt Joker,Anti-Synergies,0,"Painted Deck starts with -1 Joker Slot, which makes it harder to carry Burnt Joker alongside other scoring Jokers, though its bigger hand size makes it easier to find the hand to discard."
Burnt Joker,Anti-Synergies,1,"Similarly, Cruelty Deck is even more difficult to carry Burnt Joker alongside other scoring Jokers due to the -2 Joker Slots."
Burnt Joker,Anti-Synergies,2,"Blast Off Deck not only starts with one less Joker Slot, but also starts with 2 discards, making Burnt Joker more committal to utilize."
Burnt Joker,Anti-Synergies,3,"Five-card hands that are hard to draw naturally like Straight, Full House, Straight Flush can make it hard to benefit from Burnt Joker."
Burnt Joker,Anti-Synergies,4,"Jokers that discourage Discarding such as Green Joker, Delayed Gratification or Ramen can make it harder to benefit from Burnt Joker."
Burnt Joker,Anti-Synergies,5,"Burglar removes all Discards, nullifying Burnt Joker."
Burnt Joker,Anti-Synergies,6,May or may not have anti-synergy wit
Burnt Joker,Strategy,0,Burnt Joker can be triggered as normal by debuffed cards.
Burnt Joker,Strategy,1,The Hook's forced discards will not activate Burnt Joker.
Business Card,Synergies,0,"Business Card wants you to play many face cards all at once. Therefore, the best hands you could play with this are ones that have the most face cards in them (preferably 5). Full House is the easiest to access early on and can be fairly consistent. Later on in the game, Four of a Kind or Five of a Kind hands can give just as much of a chance for money but can often score higher as long as your Full House isn't upgraded as much. Later in the game you can also access Flush House and Flush Five for an even bigger increase in score."
Business Card,Synergies,1,Pareidolia enables Business Card to pay out on any played card.
Business Card,Synergies,2,Oops! All 6s guarantees payout from Business Card.
Business Card,Synergies,3,"Retrigger jokers that affect face cards, such as Sock and Buskin or Seltzer, allow Business Card to pay out more than once."
Business Card,Synergies,4,Splash allows Business Card to affect all face cards played by making them all score.
Business Card,Synergies,5,"Midas Mask's ability turns all face cards gold, resulting in more income."
Business Card,Synergies,6,"Other jokers that increase the scoring of played face cards (e.g. Scary Face for + Chips, Smiley Face for + Mult, and Triboulet for X Mult) provide additional benefit when face cards are played."
Business Card,Synergies,7,"Reserved Parking provides income on unplayed face cards, so having both this Joker and Business Card in a face card focused deck can provide a steady stream of money."
Business Card,Synergies,8,Add
Business Card,Anti-Synergies,0,"Abandoned Deck and Medusa Deck start with no face cards, making Business Card pretty much useless unless the player has Pareidolia."
Business Card,Anti-Synergies,1,Ride the Bus requires face cards to not be played in order to grow its Mult bonus.
Business Card,Anti-Synergies,2,"Canio's ability activates only upon destroying face cards, resulting in fewer cards able to trigger Business Card."
Business Card,Anti-Synergies,3,"The Mark draws all face cards face down, making it more difficult to assemble a good hand for Business Card."
Business Card,Anti-Synergies,4,"The Plant debuffs all face cards, rendering Business Card useless for the round."
Business Card,Strategy,0,The Mad World Deck challenge starts the player with an Eternal copy of Business Card.
Campfire,Synergies,0,"Zodiac Deck starts you with the Tarot Merchant and Planet Merchant Vouchers, which make consumable cards appear more often, and the Overstock Voucher, which makes more cards appear in the shop. This combines to provide a vast amount of cards you can sell every shop."
Campfire,Synergies,1,"Yellow Deck lets you build money much faster, which is needed to scale Campfire."
Campfire,Synergies,2,Black Deck's extra Joker slot lets you have five Jokers while still having room to buy and sell with the final slot.
Campfire,Synergies,3,"Since Campfire provides a strong X Mult bonus, any Poker Hand with a high base Mult like Flush, Straight, Full House, will benefit greatly."
Campfire,Synergies,4,"The cornerstone of Campfire's functioning is economy. It is best paired with at least one money-generating Joker, the more powerful the better. It doesn't necessarily need this, though, if it is added late-game when you already have a large amount of money."
Campfire,Synergies,5,"Jokers that generate other cards, like Cartomancer, Riff-Raff and Perkeo, can then have those cards be sold for extra scaling."
Campfire,Synergies,6,"A strong source of + Mult is near required to make Campfire work. The single best Joker for this is Flash Card, as you will want to be rerolling anyway to find more cards to sell, but other strong options include Onyx Agate and Spare Trousers."
Campfire,Synergies,7,"Astronomer allows you to buy planet cards for free and sell them for a profit, which allows for more buying and selling of other cards."
Campfire,Anti-Synergies,0,"Painted Deck's -1 Joker Slot and Nebula Deck's -1 Consumable Slot can make it harder to have a room for Jokers to sell and hold onto Consumables to sell, respectively, to increase its effectiveness between antes."
Campfire,Anti-Synergies,1,This also applies to Blast Off Deck and Cruelty Deck.
Campfire,Anti-Synergies,2,"Ghost Deck allows for Spectral cards to appear in the shop, but they're more expensive than Tarots or Planets, and selling them is not always something the player would want to do."
Campfire,Anti-Synergies,3,"Fortune Teller and Constellation encourage the player to use Tarot cards and Planet cards, respectively, which is the opposite of what Campfire does."
Campfire,Anti-Synergies,4,"Throwback and Diet Cola rely on skipping blinds, which results in Campfire being reset faster."
Canio,Synergies,0,"Canio gives multiplicative Mult to all hands once at least 1 face card is destroyed. Because of its run-winning potency, the player should try to build into Canio whenever possible. However, with builds relying on face cards, destroying them for Canio might drastically affect the run's safety. Balancing destroying face cards for Canio and not succumbing to the temptation of scaling it is the key to winning a run with Canio."
Canio,Synergies,1,"Most decks can benefit greatly from Canio, as they all have face cards. Although, it is noteworthy that some decks grant easier access to Tarot cards, which includes The Hanged Man, making it an important factor to consider when the goal of the run is obtaining and maximizing Canio."
Canio,Synergies,2,"The Ghost Deck grants easier access to the otherwise hard to find Spectral cards via The Shop, in which 4 of them can help Canio scale by destroying playing cards, those being Familiar, Grim, Incantation, and Immolate."
Canio,Synergies,3,"15 Minute City Deck starts with 24 face cards, allowing this Joker to scale easier."
Canio,Synergies,4,"Mad World Deck starts with an Eternal Pareidolia, which allows this Joker to scale easier, but be wary not to destroy too many cards due to the small size of this deck."
Canio,Synergies,5,"Because of how Canio provides a strong source of multiplicative Mult, poker hands that have a higher base Mult and scaling te"
Canio,Anti-Synergies,0,"Abandoned Deck and Medusa Deck are not recommended due to their default lack of face cards, making it significantly harder to scale Canio."
Canio,Anti-Synergies,1,"Jokers that synergize with face cards, such as Baron, Sock and Buskin, and Triboulet, do not work well with Canio because you're destroying many face cards, which will hurt the collective output."
Canio,Anti-Synergies,2,"The Plant makes it so that all face cards are debuffed, and face cards destroyed during this Boss blind will not scale Canio."
Card Sharp,Synergies,0,"Checkered Deck: Start run with 26 Spades and 26 Hearts, making repeated flushes easier."
Card Sharp,Synergies,1,"Blue Deck: +1 hand per round, allowing more chances to play repeated hands."
Card Sharp,Synergies,2,"Red Deck: +1 discard, allowing more chance to assemble desired hands."
Card Sharp,Synergies,3,"Strong 5-card hands like Flush, Straight, Full House, etc... benefit the most from Card Sharp, provided they can be played at least twice per blind."
Card Sharp,Synergies,4,"Players may opt to buff weaker hands like High Card, Pair, Two Pair, etc... with Planet cards to make their base Mult stronger, allowing repeated play for each blind to score larger."
Card Sharp,Synergies,5,"Burglar: +3 hands, allowing more chances to play repeated hands."
Card Sharp,Synergies,6,"Juggler: +1 hand size, allowing strong hands to be assembled more easily."
Card Sharp,Synergies,7,"Drunkard: +1 discard, allowing more chances to assemble desired hands."
Card Sharp,Synergies,8,"Grabber and Nacho Tong both give additional hands, giving the player more chances to play the same hand."
Card Sharp,Synergies,9,"Wasteful and Recyclomancy both give additional discards, allowing the player more opportunities to assemble the desired hand."
Card Sharp,Anti-Synergies,0,"Black Deck starts with one less hand, which makes it harder to work around Card Sharp."
Card Sharp,Anti-Synergies,1,"Similarly, Blast Off Deck starts with two less hands, which makes it even harder to work around Card Sharp."
Card Sharp,Anti-Synergies,2,"Golden Needle Deck only starts with one hand, rendering Card Sharp useless."
Card Sharp,Anti-Synergies,3,Troubadour is not recommended as the -1 hand each round which means less chances to play the same hand.
Card Sharp,Anti-Synergies,4,Hieroglyph is not recommended as the -1 hand each round which means less chances to play the same hand.
Card Sharp,Anti-Synergies,5,"The Needle: This boss hard counters Card Sharp as it only allows 1 hand to be played. Burglar is an effective safety against this, as discards are converted after the blind effect is applied."
Card Sharp,Anti-Synergies,6,"The Eye: This boss also hard counters Card Sharp as it does not allow repeated hand types, making it"
Card Sharp,Strategy,0,"Card Sharp only applies to the scoring hand, not the hands that it contains. For example, playing a Straight Flush after a Flush or Straight does not give X3 Mult."
Card Sharp,Strategy,1,The Five-Card Draw Deck challenge starts the player with a copy of Card Sharp.
Cartomancer,Synergies,0,"Black Deck: Its inherent +1 Joker slot allows Cartomancer to be used alongside 5 other scoring Jokers. Moreover, acquiring The Hermit or Temperance early from this Joker's effect can help this Deck reach its ceiling sooner by overstepping its largest weakness: its poor early-game economy."
Cartomancer,Synergies,1,"Magic Deck: This 52-stack of wizardry starts the player with the Crystal Ball Voucher, giving an extra consumable slot to hold more Tarot cards. This serves several functions when combined with this Joker: scoring-oriented Tarot cards like Justice can be stored to save a run in a pinch; the starting copies of The Fool will have easier access to more desirable targets, and potentially unwanted Tarot cards can be stored to prevent them from reappearing elsewhere. Obtaining earlier access to the Omen Globe Voucher can be of potential interest, too - by allowing Spectral cards to appear in Arcana Packs, they can be viewed as potential mini-Spectral Packs, as there would already be a reliable source of Tarot cards."
Cartomancer,Synergies,2,"Cartomancer does not synergize directly with any poker hand. It provides very slight favor to the 5-card hands, however, as they provide more opportunities for Enhancements (applied by Tarot cards) to pump up the score."
Cartomancer,Synergies,3,The following Jokers have synergy with Cartomancer:
Cartomancer,Synergies,4,"Fortune Teller: Perhaps the strongest synergy that either of these two have, it will"
Cartomancer,Anti-Synergies,0,Nebula Deck's -1 consumable slot can make it harder to hold and use Tarot cards from Cartomancer.
Cartomancer,Anti-Synergies,1,"Anaglyph Deck: With emphasis placed on skipping Blinds for duplication of powerful Tags, it has slight anti-synergy with this Joker. It can still be very useful early on, however, especially in the absence of particularly strong Tags."
Cartomancer,Anti-Synergies,2,Throwback: A Joker that encourages skipping Blinds. Cartomancer will have fewer opportunities to create Tarot cards if scaling Throwback is more of a priority.
Castle,Synergies,0,The Checkered Deck works well with Castle due to the lower suit diversity.
Castle,Synergies,1,The Red Deck can use its +1 discard for more scaling.
Castle,Synergies,2,The Plasma Deck gets more value from the chips than any other deck.
Castle,Synergies,3,"The Painted Deck increases the player's hand size by two, which allows players to see and discard more cards desired by Castle."
Castle,Synergies,4,"The Erratic Deck can start with a lot of cards of a certain suit, making it easier to fix the deck for Castle."
Castle,Synergies,5,"Because Castle scales based on discarding cards, it means that weaker, easier hands like High Card and Pair allow for the effect to be used more consistently."
Castle,Synergies,6,"Alternately, when players manage to shape their deck down to a single suit, Flush-based hands like Flush, Straight Flush, Flush House, and Flush Five become much more viable."
Castle,Synergies,7,"Drunkard and Merry Andy both provide additional discards, allowing Castle to scale more per round."
Castle,Synergies,8,Yorick will also scale alongside Castle.
Castle,Synergies,9,Smeared Joker makes Castle twice as easy to scale.
Castle,Synergies,10,"Paint Brush and Palette increase the player's hand size, allowing players to see more of their deck and give them more chances to discard cards chosen by Castle."
Castle,Synergies,11,"Wasteful and Recyclomancy both give 1 extra discard, allowing Castle to scale faster."
Castle,Synergies,12,"The Hook automatically discards 2 cards held in hand, which"
Castle,Anti-Synergies,0,"Green Deck incentivizes not discarding, as it basically means throwing money away, which can make Castle difficult to use."
Castle,Anti-Synergies,1,"Blast Off Deck doesn't work well with Castle, as this deck only starts with 2 discards."
Castle,Anti-Synergies,2,Burglar prevents this Joker entirely from scaling.
Castle,Anti-Synergies,3,"Banner, Delayed Gratification, Green Joker, and Ramen conflict with this Joker, as their effects rely on not using discards."
Castle,Anti-Synergies,4,"Similarly, Trading Card and Burnt Joker place restrictions on discards, which interferes with triggering Castle's effect optimally."
Castle,Anti-Synergies,5,"The Goad, The Head, The Club, and The Window all debuff a specific suit, preventing Castle from scaling if it happens to pick the to-be-debuffed suit upon entering the Boss Blind. One trick to avoid this is to check Castle"
Cavendish,Synergies,0,"This Joker works well with any of the Decks, as it gives X3 Mult to every hand played."
Cavendish,Synergies,1,Any hand can benefit from this Joker for the same reasons that any of the Decks can.
Cavendish,Synergies,2,"Cavendish, as any Multplicative Mult Joker, pairs incredibly well with Additive Mult Jokers and other Multiplicative Mult Jokers, especially scaling ones. This includes Jokers such as Green Joker, Fortune Teller and Flash Card."
Cavendish,Synergies,3,"Copying Cavendish with Blueprint and Brainstorm does not increase the probability of self-destruction of Cavendish or cause the copying Joker to self-destruct, so they can be used without additional risks."
Cavendish,Anti-Synergies,0,Oops! All 6s doubles Cavendish's destruction chance to a 2 in 1000 chance. This can safely be ignored in most cases.
Cavendish,Anti-Synergies,1,"To guarantee that Cavendish gets destroyed, the player would need 10 copies of Oops! All 6s (which would display as a 1024 in 1000 chance)."
Cavendish,Strategy,0,The Non-Perishable Deck challenge bans Cavendish.
Cavendish,Strategy,1,"While Cavendish can also go ""Extinct!"", it is still able to show up in the shop again, unlike Gros Michel."
Ceremonial Dagger,Synergies,0,"Yellow Deck is a good option, as the early bonus money allows players to get to $25 quickly and be able to save up a lot for the Dagger."
Ceremonial Dagger,Synergies,1,"Black Deck's extra Joker slot is very helpful, as one can still have four safe Jokers while scaling Dagger."
Ceremonial Dagger,Synergies,2,"Similarly,Five-Card Draw Deck's 2 extra Jokers slots is even better, as one can still have six Jokers while scaling Dagger."
Ceremonial Dagger,Synergies,3,"Anaglyph Deck is occasionally a good choice, as the Double Tag can provide lots of economic buffs when presented. However, skipping a blind means skipping a level of scaling."
Ceremonial Dagger,Synergies,4,"Inflation Deck might work with Ceremonial Dagger, as this deck permanently increases prices by $1 on every purchase, including the sell price. This Joker can scale very fast thanks to Jokers' inflated sell prices."
Ceremonial Dagger,Synergies,5,"This Joker can sometimes make it more difficult to change your deck due to needing a constant supply of money to fuel its destruction of other Jokers. As a result, it might be best to prioritize easier-to-play hands. However, the hand you play doesn't really matter, as the Mult Dagger provides will always apply."
Ceremonial Dagger,Synergies,6,"Ceremonial Dagger is, at its core, an economy-based scaling Joker. Therefore, having more money makes it better, as one can afford more expensive Jokers to scale it. There are many options, but it's recommended to go for more powerful ones, like Cloud 9 or Golden Ticket, as Joker slots are limited with Dagger."
Ceremonial Dagger,Synergies,7,Jokers that expire g
Ceremonial Dagger,Anti-Synergies,0,"Painted Deck's reduced Joker amount is bad to combo with Ceremonial Dagger, as the player will only have three Jokers while scaling Ceremonial Dagger."
Ceremonial Dagger,Anti-Synergies,1,"Similarly, Cruelty Deck's reduced Joker amount is even more difficult to combo with Ceremonial Dagger, as the player will only have two Jokers while scaling Ceremonial Dagger."
Ceremonial Dagger,Anti-Synergies,2,"Non-Perishable Deck does not work with Ceremonial Dagger, as all Jokers are Eternal, and it cannot destroy them and doesn't gain + Mult."
Ceremonial Dagger,Anti-Synergies,3,"Abstract Joker depends on having many Jokers to boost its +Mult, which it can't do very well with Ceremonial Dagger destroying Jokers left and to the right, which reduces the total Joker count."
Ceremonial Dagger,Anti-Synergies,4,"Throwback depends on skipping Blinds, and when a Blind is skipped, Ceremonial Dagger cannot be upgraded."
Ceremonial Dagger,Anti-Synergies,5,Clearance Sale a
Ceremonial Dagger,Strategy,0,"Ceremonial Dagger has high growth potential, while this requires an additional Joker Slot (used to place the Joker to be destroyed) to achieve. However, outside of the On a Knife's Edge Deck Challenge, Ceremonial Dagger can be used alongside other Jokers once it's buffed up significantly. Simply move it to the rightmost slot at the end of each blind, start a new blind, and move it back to the leftmost side so it can provide maximum effect for other Multiplicative Jokers. This ensures Ceremonial Dagger doesn't consume any other Jokers while still providing +Mult for the round. On Black Stake difficulty or higher (and in some Challenges), it is also possible to put an Eternal Joker to the right of it and prevent Ceremonial Dagger from destroying Jokers."
Certificate,Synergies,0,"Because Magic Deck starts with Crystal Ball, it allows the player to make better use of Blue Seals and Purple Seals."
Certificate,Synergies,1,"Painted Deck's extra hand size allows the player to hold more cards created by Certificate, as well as finding a desired hand whilst holding onto those cards more easily."
Certificate,Synergies,2,Zodiac Deck can use its extra Tarot cards to more easily manipulate the Sealed cards from Certificate.
Certificate,Synergies,3,"Abandoned Deck's and Mad World Deck's reduced deck size make it easier to find the produced cards after they have been added to the deck. It is also easier to flood these decks with high-quality cards, since there are fewer bad cards to potentially draw."
Certificate,Synergies,4,"No specific poker hand directly benefits from Certificate, but any of them can be leveled up with its generated Blue Seals. Hands that benefit more from planet cards therefore indirectly benefit more."
Certificate,Synergies,5,"If Certificate is held for only a couple of rounds, the generated cards are generally high-value duplication targets, and it can be easier to make powerful Five of a Kinds or Flush Fives."
Certificate,Synergies,6,"If Certificate is held for a long time or is Eternal, then lower value poker hands like High Card and Pair that do not rely on finding specific cards can be easier to find with many extra random cards in the deck."
Certificate,Synergies,7,Hologram scales with each card Certificate adds.
Certificate,Synergies,8,DNA is better when copying valuab
Certificate,Anti-Synergies,0,Nebula Deck makes it significantly harder to use Blue and Purple Seals due to the starting 1 consumable slot.
Certificate,Anti-Synergies,1,"On Checkered Deck Certificate can still create Clubs and Diamonds cards, which can make it harder to play flushes."
Certificate,Anti-Synergies,2,"If Certificate is held for a long time or is Eternal, then higher value poker hands like Straight and Four of a Kind that rely on finding specific cards can be much harder to find with many extra random cards in the deck."
Certificate,Anti-Synergies,3,"Erosion relies on a small deck size, which is more difficult to get when 1 card is added per round from Certificate."
Certificate,Anti-Synergies,4,Blue Seal#Anti-Synergies
Certificate,Anti-Synergies,5,"Cards that decrease the players hand size, like Stuntman and Ouija can make finding and holding Blue seals more difficult."
Certificate,Strategy,0,"When Certificate adds a sealed card at the beginning of the round, it is put directly into your hand, bypassing the normal hand size temporarily."
Certificate,Strategy,1,"Certificate does not prevent the player from dying when they have a hand size of zero or below, since the game checks the hand size before Certificate can activate."
Certificate,Strategy,2,"Unlike other Jokers that activated ""When a blind is selected"", Certificate activates ""when a round begins"", which is when the initial hand is drawn. This means Blueprint / Brainstorm can be used to copy for example Cartomancer, then immediately moved over to copy Certificate after clicking Select Blind (best done at lower game speeds)."
Certificate,Strategy,3,The Fragile Deck challenge bans Certificate.
Chaos the Clown,Synergies,0,"Zodiac Deck works well with this Joker, as you will want to be rerolling more to see more Tarot and Planet cards."
Chaos the Clown,Synergies,1,"Black Deck is decent for this Joker, as rerolling a lot allows you to see more Jokers that you can take."
Chaos the Clown,Synergies,2,Flash Card: use the free reroll to boost this after every shop visit.
Chaos the Clown,Synergies,3,"Campfire: can scale quicker, as the free reroll can let you find more Jokers or Consumables to buy and sell."
Chaos the Clown,Synergies,4,"Constellation: can scale very quickly, as the free reroll can let you find more planet cards each shop."
Chaos the Clown,Synergies,5,Astronomer: can let you find more free planet cards.
Chaos the Clown,Synergies,6,Overstock and Overstock Plus can make Chaos's free reroll much more significant.
Chaos the Clown,Synergies,7,Reroll Surplus and Reroll Glut combined with Chaos is practically equivalent to a D6 Tag.
Chaos the Clown,Synergies,8,"On Gold Stake, Chaos the Clown can be Rental, allowing the player to purchase it for $1, get a free re-roll, and then sell it back again for $1 to remain money neutral."
Chaos the Clown,Strategy,0,"The next reroll still starts at the same price it would have been without the extra reroll, so Chaos the Clown effectively saves $ equal to \text{Rerolls} + 4."
Chaos the Clown,Strategy,1,"With Reroll Surplus, this becomes \text{Savings} = \text{Rerolls} + 2, and with Reroll Glut, it becomes \text{Savings} = \text{Rerolls}."
Chaos the Clown,Strategy,2,"If Chaos the Clown is obtained while in a shop, the price for the current shop reroll will be brought down to $0, regardless of whether it is the first reroll in that shop or not. The next reroll will cost where it previously left off."
Chaos the Clown,Strategy,3,"If the player sells Chaos the Clown whilst the once-per-shop free reroll is active, the reroll cost will immediately revert to the regular value."
Chaos the Clown,Strategy,4,"As Chaos the Clown costs $4 but a standard re-roll costs $5, it can be cheaper to buy him to reroll the shop, and the player can sell him again later for an extra $2 back."
Chaos the Clown,Strategy,5,"If Chaos the Clown is sold after using its one free reroll and another one is found, it can be purchased again for another free reroll."
Chaos the Clown,Strategy,6,"Multiple copies of Chaos the Clown (obtained through Ankh, Invisible Joker, or Showman) do stack, allowing the player to get 2 free rerolls. However, it cannot be copied Blueprint or Brainstorm."
Chicot,Synergies,0,"Black Deck has +1 Joker slot, which leaves more room for scoring Jokers."
Chicot,Synergies,1,"Boss Blinds can affect almost every Joker in the game, and thus be helped by Chicot, but many Jokers have notable weaknesses to particular Boss Blinds. Chicot can negate the holes in these Jokers' defenses:"
Chicot,Synergies,2,"Photograph, Smiley Face, and other face card Jokers no longer fear The Plant or The Mark."
Chicot,Synergies,3,"In this context, Pareidolia becomes less punishing to use."
Chicot,Synergies,4,"Bloodstone, Seeing Double, and other Card Suit Jokers can ignore their respective Boss Blinds."
Chicot,Synergies,5,"In particular, Flower Pot and Ancient Joker can safely rely on Wild cards with Chicot."
Chicot,Synergies,6,"Card Sharp, Supernova, and other Jokers limited by poker hand-limiting Boss Blinds."
Chicot,Synergies,7,Burglar is no longer weak against The Mouth or The Fish.
Chicot,Synergies,8,Any Oops! All 6s based run will no longer fear The Wheel.
Chicot,Synergies,9,"Jokers that rely on discards (by either keeping them or using them), such as Banner or Castle, can safely ignore The Water."
Chicot,Synergies,10,"Disabling a boss blind reverses its effect, and due to the timing involved, multiple copies of Chicot will all disable the Boss Blind, resulting in a net positive effect:"
Chicot,Synergies,11,The Wall: Score requirement is reduced by a factor of 2 for each copy of Chicot.
Chicot,Synergies,12,The Water: Gains the number of discards orig
Chicot,Anti-Synergies,0,"Painted Deck, Blast Off Deck and Cruelty Deck penalize holding non-scoring Jokers like Chicot with their reduced Joker slots."
Chicot,Anti-Synergies,1,"As Luchador also disable Boss blinds, functionally overlapping with Chicot, Luchador becomes a redundant pickup."
Chicot,Anti-Synergies,2,"Matador also does not work, as it activates based on Boss Blind effects."
Chicot,Anti-Synergies,3,"The Director's Cut and Retcon vouchers are usually made obsolete with the possession of Chicot, since Boss Blind effects are no longer a concern."
Chicot,Anti-Synergies,4,"While normally it's not too big of a problem, do note that Amber Acorn shuffles Jokers before Chicot disables it, which can be annoying sometimes."
Chicot,Anti-Synergies,5,Any run that relies on The Serpent's effect will no longer work with Chicot.
Clever Joker,Synergies,0,"Abandoned Deck and Mad World Deck work well with this Joker thanks to their smaller deck, allowing you to find a Two Pair easier."
Clever Joker,Synergies,1,Erratic Deck can work well with this Joker if it randomizes a lot of cards with the same rank.
Clever Joker,Synergies,2,"Plasma Deck benefits from the large amount of chips, which, when balanced, greatly boost the score for the played hand."
Clever Joker,Synergies,3,Any Poker Hand that contains a Two Pair will benefit from Clever Joker. These are:
Clever Joker,Synergies,4,Two Pair
Clever Joker,Synergies,5,Full House
Clever Joker,Synergies,6,Flush House
Clever Joker,Synergies,7,Flush - only if the flush contains a Two Pair
Clever Joker,Synergies,8,Four of a Kind and similar hands do not trigger Clever Joker.
Clever Joker,Synergies,9,Spare Trousers gains Mult when playing a Two Pair.
Clever Joker,Synergies,10,"Square Joker gains Chips any time a played hand consists of exactly 4 cards. Since a standard Two Pair is exactly four cards, the player can strengthen Square Joker while getting Chips from Clever Joker."
Clever Joker,Synergies,11,Jolly Joker and Mad Joker give Mult on a Pair and Two Pair respectively.
Clever Joker,Synergies,12,Sly Joker gives Chips if the played hand contains a Pair.
Clever Joker,Synergies,13,The Duo provides a X2 Mult boost when playing a Two Pair.
Cloud 9,Synergies,0,"Any Deck can use Cloud 9 effectively, as it pays out whenever a round is completed as long as the player has at least one 9 in their full Deck."
Cloud 9,Synergies,1,"Black Deck can benefit from Cloud 9 thanks to its +1 Joker Slot. Because of the -1 hand per blind penalty, Cloud 9 can help offset the lower income from early games."
Cloud 9,Synergies,2,"Green Deck: This Deck likes to have extra income sources in the absence of interest, so something like Cloud 9 is a natural inclusion."
Cloud 9,Synergies,3,"Yellow Deck: This Joker will help maintain the interest cap when acquired in the mid-game, further increasing the already-strong buying power it has."
Cloud 9,Synergies,4,"Ghost Deck, Magic Deck, and Zodiac Deck: All these Decks have easier access to Deck fixing to include a higher amount of 9s in the Deck. Of these, Ghost Deck is probably the best to choose, as its starting Hex Spectral card makes it more practical to keep this Joker for the long run by allowing it to help with scoring."
Cloud 9,Synergies,5,"Since players are encouraged to create lots of 9s to increase Cloud 9's benefit, hands which use many of the same rank are recommended."
Cloud 9,Synergies,6,Three of a Kind
Cloud 9,Synergies,7,Four of a Kind
Cloud 9,Synergies,8,Five of a Kind
Cloud 9,Synergies,9,Flush Five
Cloud 9,Synergies,10,"Tarot card generation is extremely important if the maximization of Cloud 9's value is the goal. Cartomancer is the most effective one, creating a Tarot card whenever a Blind is selected (a Cloud 9 build would not want to skip in the first place in order t"
Cloud 9,Anti-Synergies,0,"Painted Deck, Blast Off Deck and Cruelty Deck: The reduced Joker slots makes it difficult to carry Cloud 9 since players may need more scoring Jokers to survive and beat Ante 8."
Constellation,Synergies,0,"Nebula Deck begins with the Telescope Voucher, allowing the player to purchase a Planet card of the most played Poker Hand each time a Celestial Pack is opened."
Constellation,Synergies,1,Zodiac Deck begins with the Planet Merchant Voucher making Planet cards have a x2 chance of appearing.
Constellation,Synergies,2,"Since Constellation levels up regardless of the Planet cards' type, any poker Hand has synergy with it."
Constellation,Synergies,3,"Economy Jokers (ex. Business Card, Golden Joker, Cloud 9, etc.) are important to help scale Constellation, since they allow the player to purchase more Celestial Packs and Planet cards from the Shop."
Constellation,Synergies,4,"Notably, Satellite provides more money for each unique Planet card used."
Constellation,Synergies,5,Chaos the Clown gives a free reroll in the Shop allowing for more Planet cards to be found.
Constellation,Synergies,6,"Mime is able to retrigger a Blue Seal, allowing for two Planet cards to be created, instead of one."
Constellation,Synergies,7,"Astronomer makes every Planet card and Celestial Pack in the Shop free, thus giving free upgrades to Constellation."
Constellation,Synergies,8,"Certificate can generate cards with a Blue Seal, granting a repeatable source of Planet cards."
Constellation,Synergies,9,"As Perkeo gives a copy of a random consumable at the end of the Shop, the player should keep a Planet card of their best poker hand to obtain more, and scale Constellation."
Constellation,Synergies,10,Overstock and Overstock Plus respectively add
Constellation,Anti-Synergies,0,Red Card encourages skipping Celestial Packs instead of using the Planet cards in them.
Constellation,Anti-Synergies,1,Campfire incentives the player to sell Planet cards instead of using them.
Constellation,Anti-Synergies,2,"Skipping for Throwback or Diet Cola likely means fewer Planet cards to find or use, although this becomes viable if the Meteor Tag is involved."
Constellation,Anti-Synergies,3,"Tarot Merchant, Tarot Tycoon, and Magic Trick reduce the probabilities of Planet cards appearing in the shop."
Constellation,Strategy,0,The Blast Off Deck challenge starts the player with an Eternal copy of Constellation.
Crafty Joker,Synergies,0,"Checkered Deck works best with Crafty Joker thanks to its 2 suits, allowing Flushes to be reliably formed."
Crafty Joker,Synergies,1,"Plasma Deck benefits from the large amount of chips, which, when balanced, greatly boost the score for the played hand."
Crafty Joker,Synergies,2,Playing any kind of Flush will trigger Crafty Joker. This includes:
Crafty Joker,Synergies,3,Flush
Crafty Joker,Synergies,4,Straight Flush
Crafty Joker,Synergies,5,Flush House
Crafty Joker,Synergies,6,Flush Five
Crafty Joker,Synergies,7,Smeared Joker and Four Fingers make it easier to play Flushes.
Crafty Joker,Synergies,8,Droll Joker gives +10 Mult when playing a Flush.
Crafty Joker,Synergies,9,The Tribe gives X2 Mult when playing a Flush.
Crafty Joker,Synergies,10,Tarot cards:
Crafty Joker,Synergies,11,"The Moon, The Star, The Sun, and The World turn cards into Clubs, Diamonds, Hearts, and Spades, respectively, which can be useful if the player wants their deck to focus on one or two suits."
Crafty Joker,Synergies,12,The Hanged Man can be useful for cutting unwanted cards out the deck if the player wants to focus on one particular card suit.
Crafty Joker,Synergies,13,"The Lovers turns a card into a Wild, which can be useful for forming a Flush if the player needs another card."
Crazy Joker,Synergies,0,"Red Deck is good with this joker, as more discards can help you get a Straight."
Crazy Joker,Synergies,1,"Nebula Deck can be good, as having your hands be mainly Straight means having your planet packs contain Saturn helps."
Crazy Joker,Synergies,2,"Abandoned Deck and Mad World Deck both have fewer cards than a standard deck, which makes Straights easier to make."
Crazy Joker,Synergies,3,"Painted Deck gives extra hand size, which can help the player with forming Straights."
Crazy Joker,Synergies,4,"15 Minute City Deck starts with an Eternal Shortcut, which allows Straights to be made with gaps in them, making it easier to get that hand."
Crazy Joker,Synergies,5,Crazy Joker affects both Straights and Straight Flushes.
Crazy Joker,Synergies,6,"Devious Joker, Runner, and The Order will always activate at the same time as this Joker, as well as possibly Superposition and Séance, though those are more specific."
Crazy Joker,Synergies,7,Four Fingers and Shortcut both help in making Straights easier.
Crazy Joker,Synergies,8,"As you are mainly just going for the same hand constantly, Supernova, Space Joker, and Card Sharp are good."
Crazy Joker,Synergies,9,"Wasteful and Recyclomancy give additional discards, allowing the player to search for Straight hands easier."
Crazy Joker,Synergies,10,"Paint Brush and Palette both increase hand size, which can help players with forming Straights."
Crazy Joker,Synergies,11,Telescope can help upgrade Straights using Saturn.
Crazy Joker,Anti-Synergies,0,"Erratic Deck has anti-synergy, as it is generally harder to create Straights with this deck."
Crazy Joker,Anti-Synergies,1,Five-Card Draw Deck's -3 hand size makes it extremely hard to assemble Straights.
Crazy Joker,Anti-Synergies,2,"Jokers that reduce hand size, like Stuntman and Merry Andy, have anti-synergy with Crazy Joker, as a smaller hand size makes it harder to assemble Straights."
Crazy Joker,Anti-Synergies,3,"Ectoplasm and Ouija have anti-synergy with Crazy Joker, as a smaller hand size makes it harder to assemble Straights. Not only that, but Ouija converts all cards held in hand into one single rank, which makes assembling Straights less consistent."
Crazy Joker,Anti-Synergies,4,The Manacle's -1 hand size makes it hard to assemble Straights.
Crazy Joker,Anti-Synergies,5,"The Water will always start with 0 discards, making it very hard to assemble Straights."
Credit Card,Synergies,0,"Green Deck does not generate interest based on current money, which means being in debt does not hinder your income."
Credit Card,Synergies,1,"Luxury Tax Deck: When playing this challenge deck, hand size decreases by 1 for every $5, meaning that with a single credit card, the hand size can be increased by up to 4. Additionally, having a credit card makes it easier to avoid the hand size penalty while still being able to buy items from the shop."
Credit Card,Synergies,2,Vagabond allows you to get Tarot cards every time you play a hand with $4 or less. Staying in debt with the Credit Card assures you will create many Tarot cards.
Credit Card,Synergies,3,"Credit Card: Although the wording may make it seem otherwise, multiple copies do stack, allowing you to go up to $40 in debt with two, up to $60 with three, etc., if that's something you would want."
Credit Card,Synergies,4,"Credit Card cannot be copied by Blueprint or Brainstorm, but multiple copies can be obtained via Showman, Invisible Joker, or Ankh."
Credit Card,Synergies,5,"The Ox: Playing your most played hand this run sets money to $0, which can be used to wipe out Credit Card's debt."
Credit Card,Synergies,6,"The Tooth: Losing money is less detrimental with the ability to go into debt, but be careful, as you may lose a lot of money and go deeply below -$20."
Credit Card,Synergies,7,"Wraith sets your money to $0 after use, meaning you gain money i"
Credit Card,Anti-Synergies,0,"Rich get Richer Deck: Since chips cannot exceed the current money, being in debt will prevent the player from scoring any points at all."
Credit Card,Anti-Synergies,1,"To the Moon: Without any money, no interest can be generated."
Credit Card,Anti-Synergies,2,Bull does not have any effect if you don't have any money.
Credit Card,Anti-Synergies,3,Bootstraps also has no effect for the same reason.
Credit Card,Anti-Synergies,4,Seed Money and Money Tree: No interest can be earned if the player is in debt.
Credit Card,Anti-Synergies,5,The Hermit Tarot card (which normally doubles your money) gives no money if you have $0 or less.
Credit Card,Strategy,0,The Inflation Deck and Golden Needle Deck challenges start the player with a copy of Credit Card.
Delayed Gratification,Synergies,0,"Red Deck provides an additional discard, which increases the money earned when this Joker is triggered."
Delayed Gratification,Synergies,1,"Painted Deck has a larger hand size, which increases the likelihood of drawing a strong Poker Hand without discarding."
Delayed Gratification,Synergies,2,Green Deck already incentivizes using few discards.
Delayed Gratification,Synergies,3,"Five-Card Draw Deck and Golden Needle Deck both start with 6 discards, which means Delayed Gratification can provide $12 if no discards are used. However, Golden Needle Deck starts with only 1 hand, which can make it awkward to use Delayed Gratification."
Delayed Gratification,Synergies,4,"This Joker disincentivizes discarding, so it is recommended to play more common poker hands like High Card, Pair, Two Pair, or Three of a Kind."
Delayed Gratification,Synergies,5,"Works well with any Jokers that reward you for not discarding, especially Banner, Green Joker, and Ramen."
Delayed Gratification,Synergies,6,"Any Joker that increases the number of discards (for example, Drunkard or Merry Andy) will benefit Delayed Gratification."
Delayed Gratification,Synergies,7,"Though Merry Andy decreases hand size, which could make it harder to form hands."
Delayed Gratification,Synergies,8,"Jokers that make poker hands easier to make, like Shortcut, Four Fingers, or Smeared Joker, give the player an opportunity to win the round without using discards."
Delayed Gratification,Synergies,9,"Jokers that affect hand size, like Juggler, Turtle Bean, and Troubadour, make it significantly easier to form hands without discarding."
Delayed Gratification,Synergies,10,"However, Troubadour has a -1"
Delayed Gratification,Anti-Synergies,0,Black Deck makes it difficult to use Delayed Gratification due to its -1 hand per round.
Delayed Gratification,Anti-Synergies,1,Blast Off Deck is even worse due to its -2 hands and -1 discard per round.
Delayed Gratification,Anti-Synergies,2,"Without heavy deck modification, strong five-card hands like Flush, Straight, or Full House will be hard to assemble without using any discards."
Delayed Gratification,Anti-Synergies,3,"Burglar removes all discards, rendering Delayed Gratification useless."
Delayed Gratification,Anti-Synergies,4,"Jokers that encourage discarding, like Castle, Mail-In Rebate, Faceless Joker, Burnt Joker, and Yorick, all have anti-synergy with Delayed Gratification."
Delayed Gratification,Anti-Synergies,5,"Mystic Summit is especially bad, as it requires having no discards remaining."
Delayed Gratification,Anti-Synergies,6,"Jokers that decrease hand size, like Merry Andy and Stuntman, could make it much harder to form hands, as Delayed Gratification heavily encourages n"
Delayed Gratification,Strategy,0,The Hook's forced discards will not prevent Delayed Gratification from taking effect.
Devious Joker,Synergies,0,"Abandoned Deck and Mad World Deck both work best with Devious Joker thanks to their smaller card count, allowing Straights to be formed easier."
Devious Joker,Synergies,1,"Painted Deck also works well with Devious Joker thanks to its larger hand size, allowing Straights to be formed easier."
Devious Joker,Synergies,2,"Plasma Deck benefits from the large amount of chips, which, when balanced, greatly boost the score for the played hand."
Devious Joker,Synergies,3,"15 Minute City Deck starts with an Eternal Shortcut, which allows Straights to be made with gaps in them, making it easier to get that hand."
Devious Joker,Synergies,4,"Playing any Straight will trigger Devious Joker, including Straight Flush and Royal Flush."
Devious Joker,Synergies,5,"Shortcut allows gaps in Straights, making them easier to find and play."
Devious Joker,Synergies,6,"Four Fingers allows Straights of length 4, making them easier to find and play."
Devious Joker,Synergies,7,Runner gains Chips when playing a Straight.
Devious Joker,Synergies,8,Crazy Joker gives +12 Mult when playing a Straight.
Devious Joker,Synergies,9,The Order gives X3 Mult when playing a Straight.
Devious Joker,Synergies,10,"Wasteful and Recyclomancy give additional discards, allowing the player to search for Straight hands easier."
Devious Joker,Synergies,11,"Paint Brush and Palette both increase hand size, which can help players with forming Straights."
Devious Joker,Anti-Synergies,0,Erratic Deck's randomness can make it harder to assemble Straights.
Devious Joker,Anti-Synergies,1,Five-Card Draw Deck's -3 hand size makes it extremely hard to assemble Straights.
Devious Joker,Anti-Synergies,2,"Jokers that reduce hand size, like Stuntman and Merry Andy, have anti-synergy with Devious Joker, as a smaller hand size makes it harder to assemble Straights."
Devious Joker,Anti-Synergies,3,"Ectoplasm and Ouija have anti-synergy with Devious Joker, as a smaller hand size makes it harder to assemble Straights. Not only that, but Ouija converts all cards held in hand into one single rank, which makes assembling Straights very difficult."
Devious Joker,Anti-Synergies,4,The Manacle's -1 hand size makes it harder to assemble Straights.
Devious Joker,Anti-Synergies,5,"The Water will always start with 0 discards, making it very hard to assemble Straights."
Diet Cola,Synergies,0,Black Deck: The +1 Joker slot gives more chances to get Diet Cola without having to sell another Joker.
Diet Cola,Synergies,1,Anaglyph Deck: Diet Cola's Double Tag can stack with the ones obtained after defeating a boss blind.
Diet Cola,Synergies,2,"Diet Cola synergizes with just about every build as long as the player has an open Joker slot. It is, in effect, a $3 Double Tag, if it is bought and sold immediately. Any build that is empowered by a tag is inherently empowered by buying and selling Diet Cola, unless the act of selling another Joker to make room for it temporarily is a negative act that outweighs the benefits the Double Tag gives. It is recommended to read up on all the Tags available to see all the potential synergies, as there are too many to list here."
Diet Cola,Synergies,3,Some particular Jokers that work well with Diet Cola:
Diet Cola,Synergies,4,"By definition, it is very strong with Throwback, as the player can get even more value out of skipping blinds (though Throwback does not receive additional scaling for each double tag spent)."
Diet Cola,Synergies,5,"Diet Cola very mildly synergizes with Gift Card, as if the player waits a few rounds before selling the cola, they will lose less money overall."
Diet Cola,Synergies,6,Selling Diet Cola can also help proc Campfire.
Diet Cola,Synergies,7,"Blueprint and Brainstorm are compatible with Diet Cola, selling either one while they are copying Diet Cola will also create a Double Tag. This would not be advisable, however, as Blueprint and Brainstorm are far more valuable than the Do"
Diet Cola,Strategy,0,The Non-Perishable Deck challenge bans Diet Cola.
DNA,Synergies,0,"Blue Deck gives an additional hand to play, which can be used to trigger DNA with fewer consequences."
DNA,Synergies,1,"Red Deck gives an additional discard, which can help in finding a specific card for DNA to copy."
DNA,Synergies,2,"Erratic Deck starts with uneven ranks and suits, so copying cards with DNA can help further inflate specific ranks/suits, which can allow the player to play higher ranking hands, like Four of a Kind, more consistently."
DNA,Synergies,3,"DNA works best with High Card, since it requires a High Card on the first hand to trigger."
DNA,Synergies,4,"DNA also works especially well with strong hands that use duplicate cards, like Four of a Kind, Five of a Kind, Flush Five, or Flush House."
DNA,Synergies,5,"Hologram increases by X0.25 Mult for every card copied by DNA. As a result, DNA can increase Hologram by X0.75 Mult per ante, on top of whatever other cards can be added to your deck."
DNA,Synergies,6,"Blue Joker adds Chips based on the number of cards in the deck, which can be increased by DNA."
DNA,Synergies,7,"Blueprint and Brainstorm can be combined with DNA to duplicate a card twice (or thrice if all three Jokers are used together), allowing the player to quickly fill the deck with high value cards. Additionally, it allows the player to immediately use more copies of the card they played. With all three jokers, playing one card will put three copies in hand, for a net of two extra copies available to use."
DNA,Synergies,8,Trading Card pairs
DNA,Anti-Synergies,0,"Black Deck, Blast Off Deck, and Golden Needle Deck all reduce the number of hands to play, which can discourage using DNA while a player's hands aren't strong enough."
DNA,Anti-Synergies,1,"Golden Needle Deck is especially bad, as it only starts with one hand, which means that without a strong High Card build, DNA is unlikely to be a useful purchase."
DNA,Anti-Synergies,2,"DNA is weakest when building for Straight or Straight Flush, because it is harder to duplicate cards into runs than it is to duplicate cards into sets."
DNA,Anti-Synergies,3,"Erosion's effect depends on having fewer cards than you started with, and the cards added by DNA make it very difficult to get and stay under that limit."
DNA,Anti-Synergies,4,"Unless with a build around High Cards, triggering DNA will waste one hand per round, which means Ice Cream and Seltzer will be depleted more quickly."
Driver's License,Synergies,0,Yellow Deck: The bonus $10 allows for better econ in early to mid game to afford Booster packs.
Driver's License,Synergies,1,"Magic Deck: Starting with two copies of The Fool, this can get the player's number of enhanced cards up to 6 at the first shop, nearly half of the required amount to activate Driver's License."
Driver's License,Synergies,2,Zodiac Deck: Increased Tarot cards in shop means more chance to get enhancement cards.
Driver's License,Synergies,3,"Anaglyph Deck: Skipping for Charm Tag, Ethereal Tag or Standard Tag can accelerate Driver's License."
Driver's License,Synergies,4,"Fragile Deck starts with all 52 cards as Glasss, meaning that Driver's License will be immediately activated, but be aware if your deck reaches to 15 or less cards."
Driver's License,Synergies,5,"On a similar note, Medusa Deck starts with 12 Stones and an Eternal Marble Joker, meaning that Driver's License will become active after Round 4"
Driver's License,Synergies,6,"Jokers that add enhanced cards to your deck or change cards into enhanced ones like Marble Joker, Midas Mask, or DNA can help activate Driver's License a lot sooner."
Driver's License,Synergies,7,"Combining Midas Mask with Pareidolia is extremely effective for this instance as it can turn all scored cards into Golds, activating Driver's License at a record pace."
Driver's License,Synergies,8,Vagabond can also create many enhanced cards very quickly.
Driver's License,Anti-Synergies,0,"Nebula Deck works somewhat poorly with Driver's License, as its -1 consumable slot penalty does not allow for many useful consumables to be held at once."
Driver's License,Anti-Synergies,1,"Blast Off Deck makes Driver's License harder to activate due to the starting Planet Merchant and Planet Tycoon vouchers, which reduce the probabilities of Tarot cards appearing in the shop."
Driver's License,Anti-Synergies,2,"Vampire is not a good Joker to combine with Driver's License, as any played enhanced card will get the enhancement removed and leave Driver's License useless."
Driver's License,Anti-Synergies,3,Planet Merchant and Planet Tycoon reduce the probability of Tarot cards appearing in the shop.
Droll Joker,Synergies,0,"Magic Deck helps a fair amount in getting flushes, as multiple tarot cards can change a card into a certain suit."
Droll Joker,Synergies,1,"Ghost Deck, like the Magic Deck, helps as a lot of Spectral cards may help in getting a lot of your cards into one Suit."
Droll Joker,Synergies,2,"Checkered Deck may be the best deck for this Joker, as flushes are extremely easy due to the deck only containing two suits to start with."
Droll Joker,Synergies,3,Zodiac Deck can help you buy tarot cards to change your deck into one suit.
Droll Joker,Synergies,4,"Erratic Deck can sometimes be extremely good for flushes, depending on the contents of your deck."
Droll Joker,Synergies,5,"This Joker works with Flush and Straight Flush as well as 2 of the hidden hands, Flush House and Flush Five."
Droll Joker,Synergies,6,Crafty Joker and The Tribe always activate at the same time as this Joker.
Droll Joker,Synergies,7,Four Fingers and Smeared Joker help in making it easier to create flushes.
Droll Joker,Synergies,8,"Depending on your deck and which suit you are playing off of, one of the pairs of Greedy Joker/Rough Gem, Lusty Joker/Bloodstone, Wrathful Joker/Arrowhead or Gluttonous Joker/Onyx Agate can work for diamonds, hearts, spades and clubs respectively."
Droll Joker,Synergies,9,Tarot cards:
Droll Joker,Synergies,10,"The Moon, The Star, The Sun, and The World turn cards into Clubs, Diamonds, Hearts, and Spades, respectively, which can be useful if the player wants their deck to focus on one or two suits."
Drunkard,Synergies,0,Green Deck in particular synergizes well as the player earns money for leftover discards.
Drunkard,Synergies,1,"All hands can benefit from Drunkard, as it makes it easier to search for the desired cards."
Drunkard,Synergies,2,Drunkard has synergy with:
Drunkard,Synergies,3,"Jokers that activate when discarding specific cards, suits, or hands:"
Drunkard,Synergies,4,Trading Card when discarding a single card.
Drunkard,Synergies,5,Hit the Road when discarding Jacks.
Drunkard,Synergies,6,Faceless Joker when discarding 3+ face cards.
Drunkard,Synergies,7,Burnt Joker when discarding any Poker Hand.
Drunkard,Synergies,8,Mail-In Rebate when discarding the random rank chosen.
Drunkard,Synergies,9,Castle when discarding the random suit chosen.
Drunkard,Synergies,10,"""Remaining discards"" Jokers:"
Drunkard,Synergies,11,Banner gives more chips if the player has more discards.
Drunkard,Synergies,12,Delayed Gratification provides $2 per discard if no discards are used.
Drunkard,Synergies,13,"Jokers that want to play a specific, difficult to find hand:"
Drunkard,Synergies,14,Séance wants to play a Straight Flush.
Drunkard,Synergies,15,Superposition wants to play a Straight that includes an Ace.
Drunkard,Synergies,16,Card Sharp wants you to play the same Poker Hand twice.
Drunkard,Synergies,17,The Family wants to play a Four of a Kind.
Drunkard,Synergies,18,Yorick to help scale Yorick faster.
Drunkard,Synergies,19,Purple Seal: The extra discard provides more opportunities to generate more Tarot cards.
Drunkard,Synergies,20,Drunkard restores a discard lost from playing Blue Stake and above.
Drunkard,Anti-Synergies,0,Burglar as it removes all discards (no matter the order of the 2 Jokers).
Drunkard,Anti-Synergies,1,Green Joker as it gets -1 Mult for every discard used.
Drunkard,Anti-Synergies,2,Ramen as any discard reduces its X Mult.
Drunkard,Anti-Synergies,3,"The Water will always set your discards to 0, making Drunkard useless."
Dusk,Synergies,0,"Black Deck reduces the available Hands for the player by -1, making it less punishing for the player to use their final hand."
Dusk,Synergies,1,"Similarly, Blast Off Deck reduces the available Hands for the player by -2, making it less punishing for the player to use their final hand."
Dusk,Synergies,2,"Golden Needle Deck reduces the player's Hands to 1, meaning Dusk is automatically activated."
Dusk,Synergies,3,"Dusk works best with five card hands, such as Flushes and Straights, due to these giving Dusk more cards to retrigger, thus giving a higher score."
Dusk,Synergies,4,"Dusk synergizes well with Hack when playing low-ranked cards, as they allow each card to be triggered three times."
Dusk,Synergies,5,"Similarly to Hack, Sock and Buskin synergizes well with Dusk, as it allows face cards to be triggered more."
Dusk,Synergies,6,"Acrobat is a good pair with Dusk, provided players have a lot of Mult cards and +Mult Jokers ready for the final hand."
Dusk,Synergies,7,Troubadour's -1 Hand penalty becomes mostly irrelevant as Dusk only activates on the final hand.
Dusk,Synergies,8,"As with all retrigger Jokers, any Joker that cares about certain cards being scored goes well with Dusk. Notable examples are Bloodstone and Triboulet, as their X Mult effects stack."
Dusk,Synergies,9,"Hiker has incredible synergy with Dusk, as not only will Hiker scale cards twice as fast, but the retriggering of the cards will also give their chips again."
Dusk,Anti-Synergies,0,"Green Deck gives no interest, instead gaining $2/Hand and $1/Discard remaining. Using all your hands to trigger Dusk means losing most of your income."
Dusk,Anti-Synergies,1,"Dusk will deplete Seltzer and Ice Cream faster, as Dusk requires the player to exhaust all hands to trigger."
Dusk,Anti-Synergies,2,"If Crimson Heart debuffs Dusk on the final hand, it cannot retrigger any card."
Egg,Synergies,0,"The Green Deck cannot generate interest, and can especially benefit from alternative income sources like Egg."
Egg,Synergies,1,"This Joker does not add Chips or Mult, so no hand benefits or suffers from it."
Egg,Synergies,2,"Swashbuckler can combo with Egg to gain Mult each round, but will lose it if Egg is sold. While Debuffed, Egg will still provide Mult for Swashbuckler."
Egg,Synergies,3,Ceremonial Dagger can be used to sacrifice Egg for a permanent Mult bonus.
Egg,Synergies,4,"The money given by Temperance scales with the sell value of the player's Jokers. The longer players have Egg, the more money they'll get from Temperance, even potentially hitting the maximum value of $50 they can get from the Tarot card."
Egg,Synergies,5,"Hieroglyph and Petroglyph send the player back an Ante, giving players more time to scale Egg's sell value."
Egg,Anti-Synergies,0,"Anaglyph Deck incentives skipping blinds due to its Double Tag gimmick, which gives Egg less chances to increase its sell value."
Egg,Anti-Synergies,1,"Since Painted Deck and Blast Off Deck only have 4 Joker slots instead of the typical 5, taking Egg is much more risky since it doesn't immediately help the player score and its only purpose is to be sold."
Egg,Anti-Synergies,2,"Cruelty Deck makes it even more difficult and risky to use Egg, as this deck only has 3 Joker slots."
Egg,Anti-Synergies,3,"Non-Perishable Deck makes every Joker Eternal, including Egg, which means it cannot be sold."
Egg,Anti-Synergies,4,"Throwback encourages skipping blinds to scale the X Mult of the Joker, once again giving Egg less opportunity to increase its sell value."
Egg,Anti-Synergies,5,"On Black Stake and above, there is a chance for an Egg to be Eternal, which makes it impossible to sell if picked up, nullifyin"
Egg,Strategy,0,The Omelette Deck challenge starts the player with 5 copies of Egg.
Erosion,Synergies,0,"Erosion has synergy with all decks, since most players generally want to reduce their deck size anyway in order to draw more reliably. However, it is especially powerful when used with these decks:"
Erosion,Synergies,1,"Zodiac Deck can provide more Tarot cards in the Shop with its starting Tarot Merchant, potentially increasing the odds of getting The Hanged Man."
Erosion,Synergies,2,"Ghost Deck allows for Spectral cards to appear in the Shop, which can potentially include Immolate."
Erosion,Synergies,3,"Erosion works extremely well on Fragile Deck, as the player starts with a 52 card deck full of Glasss that are guaranteed to break by virtue of having 2 Oops! All 6s upon starting the challenge."
Erosion,Synergies,4,"If the player can choose which cards to destroy, it may be useful to build towards higher-scoring hands, such as Four of a Kind or Full House. If not, it may be best to focus on smaller hands, such as Two Pair or Three of a Kind."
Erosion,Synergies,5,Trading Card is able to destroy one card once per round giving Erosion +4 Mult each time.
Erosion,Synergies,6,"Sixth Sense can destroy a 6 once per round, and potentially provide an Immolate card."
Erosion,Synergies,7,"Tarot generating Jokers like Cartomancer or Vagabond can give access to The Hanged Man and Justice, or The Fool to copy them."
Erosion,Anti-Synergies,0,"Abandoned Deck might have anti-synergy with Erosion, as it has only 40 cards instead of 52. Since there are less cards, erosion has a lower ceiling on the maximum mult it can give."
Erosion,Anti-Synergies,1,"Mad World Deck starts with a 32 card deck, making it extremely difficult to earn value from Erosion with a ceiling even lower than the Abandoned Deck."
Erosion,Anti-Synergies,2,"Medusa Deck and Monolith Deck don't work well with Erosion, as these decks both start with an Eternal Marble Joker, which makes Erosion very hard to scale."
Erosion,Anti-Synergies,3,"Blue Joker gives additional + Chips based on the size of player's deck, so it will provide less benefit as the player reduces their deck size for Erosion."
Erosion,Anti-Synergies,4,Jokers that add playing cards to the player's deck reduce the amount of + Mult Erosion can provide.
Even Steven,Synergies,0,"Even Steven is a decent source of +Mult that triggers through cards, effectively being +20 Mult if all played cards are even and trigger once. It works very well as an early-game source of Mult, but can fall off unless heavily built around (and even then, it isn't the best Joker to build around)."
Even Steven,Synergies,1,"Abandoned Deck works very well with Steven, since it allows the player to find even ranks more easily. It makes even cards about 20% more common to draw (in an unaltered deck)."
Even Steven,Synergies,2,"Mad World Deck will also work as well, although this deck doesn't start with any 10s."
Even Steven,Synergies,3,"Magic Deck's Fools can be used to turn many odd cards into evens with Strengths, or copy a strong even card with Deaths."
Even Steven,Synergies,4,"Steven works best with hands that play five even cards. This is mainly Full House, though Four of a Kind may work well with its higher base chips, and later Five of a Kind. Flushes can serve as a decent alternative, since they can be easier to find and will still (ideally) contain some even cards."
Even Steven,Synergies,5,"Even Steven is, in essence, a more effective version of the sinful Jokers (the ones that give +3 Mult per scored card of a certain suit). In an unaltered deck, the chance an even card is drawn is ~38%, compared to the 25% of a specific suit, and it gives more Mult. In exchange, it's harder to build around since there are fewer rank-changing methods than suit changers, and it can be harder"
Faceless Joker,Synergies,0,"Red Deck gives +1 Discard, allowing more chances to discard and dig for face cards."
Faceless Joker,Synergies,1,"Golden Needle Deck removes money when discarding, and Faceless Joker is an effective counter to this."
Faceless Joker,Synergies,2,"Because this Joker requires discarding face cards, which provide lots of Chips, it's recommended to build toward weaker hands like High Card, Pair, or Two Pair."
Faceless Joker,Synergies,3,"Pareidolia makes it so that all cards are considered face cards, effectively guaranteeing $5 per every 3 cards discarded."
Faceless Joker,Synergies,4,"Drunkard gives +1 Discard, allowing more chances to find and discard face cards."
Faceless Joker,Synergies,5,"Merry Andy gives +3 Discards, allowing more chances to find and discard face cards."
Faceless Joker,Synergies,6,Blueprint and Brainstorm can copy Faceless Joker to effectively double/triple amount of money gained with no downside as they can be moved around to buff scoring Jokers afterward.
Faceless Joker,Synergies,7,"Wasteful and Recyclomancy give additional discards, allowing more chances to find and discard face cards."
Faceless Joker,Anti-Synergies,0,"Abandoned Deck and Medusa Deck start with no face cards, making Faceless Joker useless at the beginning unless paired with Pareidolia."
Faceless Joker,Anti-Synergies,1,"Blast Off Deck doesn't work well with Faceless Joker, as this deck only starts with 2 discards."
Faceless Joker,Anti-Synergies,2,"Jokers that benefit from playing or keeping face cards, such as Scary Face or Baron, are worse as Faceless Joker incentivizes discarding face cards. Possible exceptions are if Pareidolia is used or if the deck is heavily manipulated for face cards."
Faceless Joker,Anti-Synergies,3,Any Jokers that benefit from not using Discards like Delayed Gratification or Banner have anti-synergy with Faceless Joker.
Faceless Joker,Anti-Synergies,4,"Burglar removes all discards, effectively disabling Faceless Joker."
Faceless Joker,Anti-Synergies,5,"The Water starts with 0 discards, making Faceless Joker useless for the round."
Faceless Joker,Anti-Synergies,6,The Plant debuffs all face
Fibonacci,Synergies,0,"Thanks to the absence of face cards, Abandoned Deck has a greater concentration of cards favorable by Fibonacci, and thus works really well with it."
Fibonacci,Synergies,1,"Mad World Deck will also work as well, although this deck doesn't start with any Aces."
Fibonacci,Synergies,2,"As Three of a Kind, Full House and Four of a Kind all utilize a number of the same rank, they often work really well with Fibonacci. Low-ended Straight also makes great use of Fibonacci."
Fibonacci,Synergies,3,"Flush is difficult early on, but can earn +40 Mult from Fibonacci in an unmodified deck, and diligent suit conversion can make triggering Fibonacci a simple matter of picking ranks."
Fibonacci,Synergies,4,"Hack retriggers 2s, 3s and 5s, giving at least +8 Mult when one of the ranks is played and scored."
Fibonacci,Synergies,5,Scholar also triggers off of Aces.
Fibonacci,Synergies,6,"Wee Joker gains +8 Chips when a 2 is scored, on top of the +8 Mult provided by Fibonacci."
Fibonacci,Synergies,7,"Hanging Chad retriggers the first scoring card in a played hand twice, giving +16 Mult if the first scored card triggers Fibonacci."
Fibonacci,Synergies,8,"Ride the Bus accumulates +Mult very easily when paired with Fibonacci, since the player wants to use ranks that are not face cards, boosting Ride the Bus in the process."
Fibonacci,Synergies,9,"Shortcut lets the player utilize the rare scenario of the Straight A 3 5 7 8 or A 2 3 5 [6/7] for maximum Fibonacci value. A 2 3 5 8 is, unfortunately, not a valid S"
Fibonacci,Anti-Synergies,0,"15 Minute City Deck doesn't work well with Fibonacci due to lack of Aces, 2s, and 3s by default."
Flash Card,Synergies,0,"Decks that generate more money than usual are stronger with Flash Card, mainly Yellow Deck and Green Deck. Green Deck in particular is good with it early, as one can spend as much money on rerolls as they want without worrying about losing interest."
Flash Card,Synergies,1,"Zodiac Deck may work well with Flash Card, as the player may want to reroll frequently to see more Tarot and Planet cards."
Flash Card,Synergies,2,No poker hands inherently work better than others with Flash Card. All potential benefits come from other synergies.
Flash Card,Synergies,3,"Chaos the Clown grants 1 free reroll per shop, effectively giving Flash Card +2 Mult gain per shop visit on top of paid rerolls."
Flash Card,Synergies,4,"Economy Jokers are critical to Flash Card's success. Being able to get more money translates directly into more Mult. Particularly helpful are scaling Economy Jokers, like Cloud 9 and Rocket, though most of them will work."
Flash Card,Synergies,5,"Campfire is very good with Flash Card, as the large amount of rerolls being performed and strong economy allows many cards to be sold, scaling Campfire very high."
Flash Card,Synergies,6,Buying and selling planets from Astronomer found with rerolls will allow you to recuperate some of the money spent from rerolling.
Flash Card,Synergies,7,"Other Jokers that give X Mult are helpful, as they allow Flash Card's scaling to be more effective. Particularly, Constellation can scale very quickly, as every reroll can create a planet card."
Flash Card,Synergies,8,As the player will be spending lots of money to scal
Flash Card,Anti-Synergies,0,"Black Deck starts with -1 Hand per round, making Economy more difficult to set up early game. This directly limits Flash Card's scaling opportunities as less Hands per round earns the player less Money overall when defeating Blinds."
Flash Card,Anti-Synergies,1,"Similarly, Blast Off Deck starts with -2 hands per round, limiting the player's money even more."
Flash Card,Anti-Synergies,2,"Golden Needle Deck only starts with 1 hand per round, which means the player will not get money from extra hands under normal circumstances."
Flash Card,Anti-Synergies,3,Bull and Bootstraps respectively gain Chips and Mult relative to the player's current Money. Spending Money on rerolls to scale Flash Card will therefore weaken the scoring power of these Jokers.
Flash Card,Anti-Synergies,4,"The Ox sets the player's Money to 0 upon playing the most played Poker Hand of the run, making it potentially difficult to recover Economy for Flash"
Flower Pot,Synergies,0,Abandoned Deck and Mad World Deck are easier to sift through with discards due to their smaller size.
Flower Pot,Synergies,1,"Painted Deck and Red Deck are also easier to sift through due to a larger hand size and extra discard, respectively."
Flower Pot,Synergies,2,"Wilds work fantastically with Flower Pot as they can count as any suit. However, it should be noted that Wild cards will only count as one suit per card, meaning that a single Wild card cannot earn Flower Pot's X3 Mult on its own. Four Wild cards, or three Wild cards and any non-Wild suited card on the other hand, will always trigger Flower Pot's effect (unless the Wild cards are debuffed, this seems to be a bug). Re-triggering a Wild card does not make it count for multiple suits."
Flower Pot,Synergies,3,Four of a Kind is one of the best poker hands with Flower Pot as it needs four cards of every suit to begin with assuming the player doesn't heavily modify their deck.
Flower Pot,Synergies,4,"Straights are a five-card hand that only cares about rank, meaning it's easy to get at least one card of every suit in a hand."
Flower Pot,Synergies,5,"Full Houses require five cards to be played, meaning it's easier to get four different suits."
Flower Pot,Synergies,6,"Two Pairs require four cards and is easier to assemble than a Four of a Kind. Though, when compared to the other hands, it may be harder to get all four suits in a hand."
Flower Pot,Synergies,7,"Splash is easily one of the best Jokers to use with Flower Pot, since it lets t"
Flower Pot,Anti-Synergies,0,"Checkered Deck only has two suits instead of the typical four, meaning that it's impossible to trigger Flower Pot's effect without buying diamond and club cards, creating Wild cards, converting cards to other suits, or using Smeared Joker."
Flower Pot,Anti-Synergies,1,"Flush-based hands require all 5 cards to be of the same suit. Without using at least 3 Wild cards, or 2 Wild cards and Four Fingers/Splash, Flower Pot will never trigger."
Flower Pot,Anti-Synergies,2,"Without Splash, High Card, Pair, Three of a Kind will never trigger Flower Pot's X3 Mult as they contain less than four cards."
Flower Pot,Anti-Synergies,3,"Half Joker will never trigger alongside Flower Pot, as the former one wants to play hands with less than 4 cards."
Flower Pot,Anti-Synergies,4,"Sigil can be awkward to use due to the uneven suit distribution, making it harder to get all four"
Fortune Teller,Synergies,0,"Zodiac Deck, with its Tarot Merchant already equipped, benefits greatly from Fortune Teller, as players have more chances to buy and use Tarot cards without having to rely on Booster Packs."
Fortune Teller,Synergies,1,Yellow Deck extra $10 may allow for more Tarot cards to be bought.
Fortune Teller,Synergies,2,Any Poker hand can benefit from Fortune Teller.
Fortune Teller,Synergies,3,"Vagabond, Cartomancer, Hallucination, 8 Ball, and Superposition can all provide Tarot cards with which to nourish Fortune Teller."
Fortune Teller,Synergies,4,Chaos the Clown gives a free reroll in the Shop allowing for more Tarot cards to be found.
Fortune Teller,Synergies,5,"Certificate can generate cards with a Purple Seal, granting a repeatable source of Tarot cards."
Fortune Teller,Synergies,6,"Vampire consumes Enhancements from played cards, making it a good combo with Fortune Teller."
Fortune Teller,Synergies,7,"Naturally, every Tarot card benefits Fortune Teller, but there are 2 in particular that benefit the most."
Fortune Teller,Synergies,8,The Emperor provides two Tarot cards.
Fortune Teller,Synergies,9,The Fool can copy a Tarot card to use.
Fortune Teller,Synergies,10,Using these two in conjunction with each other can be a quick way to increase Fortune Teller's Mult.
Fortune Teller,Synergies,11,In addition:
Fortune Teller,Synergies,12,"The Wheel of Fortune will scale Fortune Teller regardless if the 1 in 4 chance successfully activates, making it beneficial regardless of the outcome."
Fortune Teller,Synergies,13,"Medium creates a Purple Seal, allowing the player to create more Tarot cards."
Fortune Teller,Anti-Synergies,0,"Blast Off Deck makes Fortune Teller harder to scale due to the starting Planet Merchant and Planet Tycoon vouchers, which reduce the probability of Tarot cards appearing."
Fortune Teller,Anti-Synergies,1,"Red Card wants to skip Arcana Packs instead of using them, which removes scaling for Fortune Teller."
Fortune Teller,Anti-Synergies,2,"Campfire requires selling Tarot cards instead of using them, which is the opposite of what Fortune Teller does."
Fortune Teller,Anti-Synergies,3,"Skipping for Throwback or Diet Cola mean fewer Tarot cards to use, although this isn't too bad if the Skip Tag itself is the Charm Tag."
Fortune Teller,Anti-Synergies,4,"Planet Merchant, Planet Tycoon, and Magic Trick reduce the probabilities of Tarot cards appearing in the shop."
Fortune Teller,Anti-Synergies,5,"Omen Globe reduces the amount of Tarot cards in Arcana Packs, although it can still be used to find Medium easier."
Four Fingers,Synergies,0,Black Deck: The +1 Joker Slot allows Four Finger to function as a utility Joker while still providing space for 5 other Jokers to score.
Four Fingers,Synergies,1,"Checkered Deck: Having only two suits allows a Straight Flush to be formed much easier. For Flush builds on Checkered Deck, a minimum hand size of 9 is required to guarantee every hand contains a flush, but with Four Fingers, a hand size of only 7 is required."
Four Fingers,Synergies,2,"Straights and flushes become easier to make as you can score them with only 4 cards, but the biggest benefit will be with the highest scoring, flush-based hands like Straight Flush, Flush House, or Flush Five. Straight flushes, especially, become much easier with Four Fingers as both the ""flush"" and ""straight"" parts can be made with 4 different cards out of the 5 played, as described above."
Four Fingers,Synergies,3,"Specifically, with Four Fingers, Royal Flush can be made from A K Q J or K Q J 10 of the same suit, or any four of A-10 when combined with Shortcut. This doesn't have much influence on the score but can be used for unlocks like the Royale achievement and Brainstorm's unlock condition."
Four Fingers,Synergies,4,"Similar things occur with Flush House and Flush Five, where only 4 of the cards need to be of the same suit. However, unlike straight flushes, the 5th card does still matter in terms of rank in order for the Full House/Five of a Kind hand type to be made."
Four Fingers,Synergies,5,Shortcut makes stra
Four Fingers,Strategy,0,"Four Fingers is slightly weaker than Shortcut in creating Straights[https://www.reddit.com/r/balatro/comments/1b68mpp/statistical_analysis_of_the_four_fingers_and/ Statistical Analysis of the ""Four Fingers"" and ""Shortcut"" Jokers for Straights], a Reddit post and weaker than Smeared Joker in creating Flushes. However, it can serve these purposes with just one Joker. The player can choose from these Jokers based on the play style of a run."
Gift Card,Synergies,0,"Black Deck and Magic Deck can benefit from Gift Card thanks to increased Joker and Consumable slots, allowing more items to be stored."
Gift Card,Synergies,1,"Five-Card Draw Deck's increased Joker slots also benefits from Gift Card, as it allows even more items to be stored."
Gift Card,Synergies,2,This Joker doesn't synergise with any Poker Hand.
Gift Card,Synergies,3,"Swashbuckler combined with Gift Card, can be used for scaling Mult."
Gift Card,Synergies,4,Ceremonial Dagger can consume Gift Card or other jokers scaled by Gift Card for Mult.
Gift Card,Synergies,5,"Cartomancer (and all other jokers that create Tarot cards): Can create the Temperance card, which can generate money equal to the sell value of each of your jokers. Additionally, the tarot cards created this way sell for $1 dollar extra per round because of Gift Card."
Gift Card,Synergies,6,"The money given by Temperance scales with the sell value of the player's Jokers. The longer players have Gift Card, the more money they'll get from Temperance, even potentially hitting the maximum value of $50 they can get from the Tarot card."
Gift Card,Synergies,7,"Crystal Ball adds an additional Consumable slot, allowing for more consumables to gain sell price per round."
Gift Card,Synergies,8,"Antimatter similarly adds an additional Joker slot, allowing for another joker to gain sell price per round."
Gift Card,Anti-Synergies,0,"Anaglyph Deck incentivizes skipping blinds due to its Double Tag gimmick, which gives Gift Card less chances to scale the sell value of Jokers and Consumables."
Gift Card,Anti-Synergies,1,"Painted Deck, Blast Off Deck, and Nebula Deck don't synergize well with Gift Card due to -1 Joker slot and -1 Consumable slot, respectively."
Gift Card,Anti-Synergies,2,Cruelty Deck makes it even more difficult to use Gift Card due to -2 Joker slots.
Gift Card,Anti-Synergies,3,"Throwback encourages skipping blinds to scale the X Mult of the Joker, once again giving Gift Card less opportunity to increase the sell value of Jokers and Consumables."
Glass Joker,Synergies,0,Zodiac Deck gives more opportunity to buy both Justice and The Hanged Man directly from the shop.
Glass Joker,Synergies,1,"Anaglyph Deck, with its Double Tag provided after each Boss Blind, may allow players to gain many Charm Tags, or buff up their money to invest in Arcana Packs later in the run."
Glass Joker,Synergies,2,"Fragile Deck works very well with Glass Joker, as this deck starts with two Oops! All 6s and all cards are Glasss, which makes Glass Joker scale much faster."
Glass Joker,Synergies,3,Any hand that contains a scoring Glass card will have a chance to buff Glass Joker.
Glass Joker,Synergies,4,"Splash: This allows up to five Glass cards to be played at once, in the event that the Glass cards cannot form an ideal poker hand. While also giving more X2 Mult boosts that can potentially make or break a run, it most importantly gives extra chances at breaking Glass cards, thereby scaling Glass Joker at a faster rate."
Glass Joker,Synergies,5,"Erosion: An Additive Mult Joker that scales remarkably fast as the number of cards in your full deck drops below the starting amount. Even destroying single-digit numbers of Glass cards can give it up to +36 Mult, which, in turn, will pair very nicely with this Joker's at-times simultaneous Multiplicative Mult scaling."
Glass Joker,Synergies,6,"Oops! All 6s: With this Joker equipped, Glass cards will break half of the time, making the rate at which Glass Joker scales much faster. This comes at the downside of exhausting your deck at"
Glass Joker,Anti-Synergies,0,"Bram Poker Deck starts with an Eternal Vampire, which means Glass Joker will not gain anything unless you use The Hanged Man or Trading Card."
Glass Joker,Anti-Synergies,1,"Vampire is not recommended, as it removes any Glass enhancement when scored, and players might need to destroy Glass cards by using The Hanged Man or Trading Card."
Glass Joker,Anti-Synergies,2,"Due to a bug, Immolate, Grim, Incantation, and Familiar destroying Glasss will NOT scale Glass Joker, wasting the Enhancement while not providing any value, although the latter 3 can be used to create more Glass cards to destroy."
Glass Joker,Strategy,0,Glass Joker will only appear in the shop after you have at least one Glass in your deck.
Glass Joker,Strategy,1,"To unlock this Joker, the player must have at least 5 Glasss in the deck"
Gluttonous Joker,Synergies,0,Magic Deck's Fool Tarots can be used to mass-convert cards to have Club suits.
Gluttonous Joker,Synergies,1,"Ghost Deck can find a Sigil Spectral card in the shop, which may convert cards into Clubs."
Gluttonous Joker,Synergies,2,"This Joker works best with Flush hands, if they contain only Club suit cards. These hands are as follows:"
Gluttonous Joker,Synergies,3,Flush
Gluttonous Joker,Synergies,4,Straight Flush (and Royal Flush)
Gluttonous Joker,Synergies,5,Flush House
Gluttonous Joker,Synergies,6,Flush Five
Gluttonous Joker,Synergies,7,"Other hands that score more cards are generally better to play with Gluttonous Joker, as they allow more Club cards to be scored."
Gluttonous Joker,Synergies,8,"As Gluttonous Joker's effect triggers when a Club card is scored, retrigger Jokers that allow cards to be scored multiple times are very good to combo with Gluttonous."
Gluttonous Joker,Synergies,9,"Flush Jokers, like Crafty Joker and Droll Joker, work well with Gluttonous Joker, as you want to be playing flushes to maximize its effect anyways."
Gluttonous Joker,Synergies,10,"Onyx Agate also triggers off of Club cards scored, forming a natural synergy with Gluttonous Joker. As Onyx Agate is a strict upgrade to Gluttonous, it can be used as a replacement, but it also can be used in builds that have high X Mult from hands from Jokers like, sometimes, Ancient Joker, or The Idol. This combo also benefits from a strong Chip Joker, ideally one that also benefits from Flushes. Castle is the best example of this kind of Joker."
Gluttonous Joker,Synergies,11,"Because Gluttonous Joker's Mult is applied during the scoring of your played cards, Jokers that focus"
Gluttonous Joker,Anti-Synergies,0,"Checkered Deck starts with no Clubs, making Gluttonous Joker less useful."
Gluttonous Joker,Anti-Synergies,1,"When facing The Club, all Club cards are debuffed, meaning Gluttonous Joker cannot activate."
Golden Joker,Synergies,0,"Green Deck appreciates other sources of income, especially if you are using all of your hands/discards."
Golden Joker,Synergies,1,"Black Deck can synergy with Golden Joker thanks to the +1 Joker Slot, plus its -1 hand per round means players need something to boost their income anyway."
Golden Joker,Synergies,2,"Zodiac Deck generally wants to reroll a lot, meaning Golden Joker's money can help with that."
Golden Joker,Synergies,3,This Joker doesn't synergize with any poker hands.
Golden Joker,Synergies,4,"Economy-based scalers, like Bull and Flash Card, appreciate the extra money brought in by Golden Joker."
Golden Joker,Synergies,5,"Golden Joker can be used to help jump start To the Moon, achieving higher interest levels sooner. To the Moon is, with $25 held, a strict upgrade to Golden Joker."
Golden Joker,Synergies,6,"Tarot generators can be useful with Golden Joker, since the money Golden provides can increase the value of The Hermit. Temperance also likes Golden Joker, as it has a base sell value of $3."
Golden Joker,Strategy,0,The Omelette Deck challenge bans Golden Joker.
Golden Ticket,Synergies,0,"The Zodiac Deck works best with Golden Ticket thanks to its increased Tarot card frequency, allowing Gold card conversion more frequent."
Golden Ticket,Synergies,1,Playing 5-card hand such as Flush or Full House with as many Gold cards as possible will ensure maximum income.
Golden Ticket,Synergies,2,"""On scored"" retrigger Jokers will reactivate Golden Ticket's effect. So Hanging Chad, Dusk, and Seltzer are great with this Joker. Hack and Sock and Buskin can also be great if the Gold cards have the relevant ranks."
Golden Ticket,Synergies,3,"Midas Mask turns all face cards into Gold cards when scored. It will be even stronger if paired with Pareidolia, as all cards now can be converted into Gold cards."
Golden Ticket,Synergies,4,Bull and Bootstraps benefit from the high money making capabilities of this joker.
Golden Ticket,Synergies,5,"A Gold Seal will earn $3 when scored, giving $7 total per Gold card."
Golden Ticket,Synergies,6,"A Red Seal will retrigger Golden Ticket, giving $8 per Gold card."
Golden Ticket,Synergies,7,The Devil can make more Gold cards.
Golden Ticket,Synergies,8,Death can turn some cards into Gold cards.
Golden Ticket,Synergies,9,The Hanged Man can remove non-Gold cards.
Golden Ticket,Synergies,10,Deja Vu can apply Red Seals onto Gold cards allowing Golden Ticket to generate more money.
Golden Ticket,Anti-Synergies,0,"Vampire has anti-synergy, as the Gold Enhancement gets removed before it can score. However if the player is also using Midas Mask this becomes a non-issue."
Golden Ticket,Anti-Synergies,1,This innately applies to the Bram Poker Deck as it starts with an Eternal Vampire.
Golden Ticket,Anti-Synergies,2,"Vagabond can have anti-synergy, as having more than $4 during a round will disable its effect. It may be better to keep Gold Enhancement cards in hand and let them trigger when the round ends."
Golden Ticket,Anti-Synergies,3,"Mime has slight anti-synergy, since a Gold card held in hand with Mime will give $6, more than what Golden Ticket gives for playing Gold cards."
Greedy Joker,Synergies,0,"Magic Deck: This Deck has the only innate advantage with this one, as one can turn the starting copies of The Fool into The Star to more rapidly convert their Deck into Diamonds. Death and The Lovers also help build towards this goal, albeit at a slower pace, but in the latter's case, Wild cards synergize with many more Jokers."
Greedy Joker,Synergies,1,"Red Deck, Blue Deck, and Painted Deck: These Decks all have bonuses that make it marginally easier to find that key Diamonds Flush, making them slightly more practical overall, but not by a large margin."
Greedy Joker,Synergies,2,"The most obvious plan with this Joker is to play hands that contain only Diamonds. As a result, Flush-type hands are the most optimal, to guarantee at least +15 Mult to all played hands:"
Greedy Joker,Synergies,3,Flush
Greedy Joker,Synergies,4,Straight Flush (and subsequently Royal Flush)
Greedy Joker,Synergies,5,Flush House
Greedy Joker,Synergies,6,Flush Five
Greedy Joker,Synergies,7,"Other hands that score more cards, like Straight, are generally better to play with this Joker than, say, High Card or Pair, as they allow more Diamond cards to be scored."
Greedy Joker,Synergies,8,"Retrigger Jokers work best with this one. To maximize the Additive Mult boost to +30 Mult on a Flush-type hand, priority should be given to those that can very easily affect the entire hand of played cards, such as Hack (for cards with 5 or lower rank) or Sock and Buskin (for face cards)."
Greedy Joker,Synergies,9,Tarot card generation is also a must if
Greedy Joker,Anti-Synergies,0,"Checkered Deck has anti-synergy with this Joker, since it includes no Diamonds to start. This Joker is better off avoided if encountered while playing this Deck."
Greedy Joker,Anti-Synergies,1,"Care should be taken when playing a Diamonds Flush build, as they are hard countered by two Boss Blinds, and soft countered by one of the Showdown Blinds. The Director's Cut voucher is a smart choice as a result."
Greedy Joker,Anti-Synergies,2,"The Window is a debilitating encounter, since it makes it so that all Diamond cards go unscored and thus activate no Joker or card effects. A Diamonds Flush deck is only a safe consideration early on if this Boss Blind has already came and went; in any other case, it is very likely to end the run."
Greedy Joker,Anti-Synergies,3,"The Ox can also be crippling later on in the run, especially when playing predominantly regular Flushes, by killing the player's economy on"
Green Joker,Synergies,0,"Green Joker works with any Deck, with its strength being more pronounced the earlier it is acquired into the run. Decks that have noteworthy synergy include:"
Green Joker,Synergies,1,"Blue Deck: An extra hand means Green Joker can reach even greater heights by the end of the run. At the very worst, if the player's build is strong enough that a few High Cards are sweeping the Blinds, it translates to an extra $1 at the end of each round."
Green Joker,Synergies,2,"Green Deck: This deck benefits from this Joker mainly in the early game when money is low and all hands are used to scale Green Joker, taking advantage of the $1 gained per unused discard. However, other decks would be able to provide more money long-term if the player holds $25 and continues using all hands to scale Green Joker."
Green Joker,Synergies,3,"Green Joker works best with hands that can be reliably made without discarding and also played repeatedly, with the rarer hands being less and less reliable. Green Joker wants weaker hands earlier anyway so it can scale more per round, as ending the Blind in one hand will make it scale to about the same size as a fresh Popcorn by the end of a run, far inferior to its usual capabilities."
Green Joker,Synergies,4,This means it works best when playing:
Green Joker,Synergies,5,"High Card (especially so, as it is always assembled)"
Green Joker,Synergies,6,Pair
Green Joker,Synergies,7,Two Pair
Green Joker,Synergies,8,"Another possible strategy is to scale up one of the stronger hands like Straight or Four of a Kind, then use all but one of the hands as"
Green Joker,Anti-Synergies,0,"Black Deck, Blast Off Deck, and Golden Needle Deck all have poor synergy with Green Joker due to their reduced number of hands."
Green Joker,Anti-Synergies,1,"Red Deck: The +1 discard bonus is completely redundant to a Green Joker build, which should only be using discards in emergencies anyway."
Green Joker,Anti-Synergies,2,"Anaglyph Deck: Skipping Blinds to get extra Tags means not getting those extra Mult points on this Joker, which, in very extreme circumstances, could spell the player's demise. Given the power of stacking Tags, however, this is usually a nonissue."
Green Joker,Anti-Synergies,3,Green Joker has anti-synergy with any Joker related to using discards in almost every circumstance. This includes Jokers such as:
Green Joker,Anti-Synergies,4,Burnt Joker
Green Joker,Anti-Synergies,5,Faceless Joker
Green Joker,Anti-Synergies,6,Mail-In Rebate
Green Joker,Anti-Synergies,7,Trading Card
Green Joker,Anti-Synergies,8,Mystic Summit (without Burglar)
Green Joker,Anti-Synergies,9,"Another anti-synergy arises from Troubadour, which even though it increases h"
Gros Michel,Synergies,0,"Oops! All 6s: Obtaining these two Jokers simultaneously can either be an immense boon or a huge risk, depending on the state of the run. Increasing the self-destruction odds to a 2 in 6 chance allows for Cavendish to appear faster, at the cost of a potentially run-saving Additive Mult bonus."
Gros Michel,Synergies,1,"Copying Gros Michel with Blueprint and Brainstorm does not increase the probability of self-destruction of Gros Michel or cause the copying Joker to self-destruct, so this can be used without additional risks."
Gros Michel,Anti-Synergies,0,"Gros Michel does not work as well on Plasma Deck compared to other decks, as Additive Mult is not as powerful on this deck."
Gros Michel,Strategy,0,"Gros Michel is essentially a must take in the early Antes; with it, most Two Pairs (16 combined rank or higher), any Three of a Kind, or any higher ranked hand is guaranteed to clear each Blind of Ante 1, and any of the common 5-card hands (Straight, Flush, and Full House) can clear up to the Big Blind of Ante 2 on any difficulty without help, provided the chip value is at least 79. Seeing it early also increases the odds of destroying it early, and gaining quick access to Cavendish, a cheap and guaranteed source of Multiplicative Mult. Multiplicative Mult is essentially mandatory to clear the later Antes on any difficulty past Red Stake."
Gros Michel,Strategy,1,"Building around Gros Michel will usually end up being a fruitless endeavor, as it can disappear at any moment. However, any build, regardless of synergy, will be happy to pick it up; not only does it provide a powerful bonus before expiry, but exhausting it unlocks the even more powerful Cavendish. Thus, it can supplement any build. Although, if it remains for far too long, it may be necessary to ditch its secret potential in order to pick up a Joker that is more immediately beneficial."
Gros Michel,Strategy,2,"It's best to avoid adding any editions to this Joker, since it will be lost when it becomes extinct. Consider holding onto The Wheel of Fortune or Ectoplasm in the consumable area until this Joker destroys itself in order to maximize their v"
Gros Michel,Notes,0,"Gros Michel is essentially a must take in the early Antes; with it, most Two Pairs (16 combined rank or higher), any Three of a Kind, or any higher ranked hand is guaranteed to clear each Blind of Ante 1, and any of the common 5-card hands (Straight, Flush, and Full House) can clear up to the Big Blind of Ante 2 on any difficulty without help, provided the chip value is at least 79. Seeing it early also increases the odds of destroying it early, and gaining quick access to Cavendish, a cheap and guaranteed source of Multiplicative Mult. Multiplicative Mult is essentially mandatory to clear the later Antes on any difficulty past Red Stake."
Gros Michel,Notes,1,"Building around Gros Michel will usually end up being a fruitless endeavor, as it can disappear at any moment. However, any build, regardless of synergy, will be happy to pick it up;"
Hack,Synergies,0,"Abandoned Deck and Mad World Deck only have number cards, making it much easier to find low-rank cards."
Hack,Synergies,1,Zodiac Deck can be used to find more Tarot cards to enhance low-rank cards or ways to copy them.
Hack,Synergies,2,"Ghost Deck can find powerful seal-applying Spectral cards and Aura, which can make your low-rank cards more impactful."
Hack,Synergies,3,"Using large hands that have multiple low-rank cards that can trigger Hack is generally the best option, allowing the player to maximize its potential. Notably, Five of a Kind and Flush Five are easily feasible after duplicating powerful and/or modified low-rank cards. This also includes Full House and Flush House, although they are slightly weaker than the initially mentioned hands. A Straight using Ace, 2, 3, 4, and 5 is also a good way to utilize Hack, although it will not retrigger the Ace."
Hack,Synergies,4,"Jokers that are able to give bonuses based on the type of playing card, whether it is suit-based or rank-based, can benefit from Hack. This allows the player to double that Joker's effectiveness."
Hack,Synergies,5,"Suit-based Jokers like Greedy Joker, Arrowhead, Gluttonous Joker, etc. can be retriggered if a low-rank card of the corresponding suit is played."
Hack,Synergies,6,"Rank-based Jokers like Even Steven, Walkie Talkie, or Odd Todd can benefit from a second tri"
Hack,Anti-Synergies,0,15 Minute City Deck doesn't work well with Hack due to a lack of 2s and 3s by default.
Half Joker,Synergies,0,"This Joker is very good in the earliest of Antes, with most Pairs and Three of a Kinds able to clear the first one on their own, and is one of the strongest flat Additive Mult Jokers in the game. However, due to the weak base power of the hands it enables, it is usually best replaced by other Additive Mult Jokers in later Antes."
Half Joker,Synergies,1,"Blue Deck: This Joker works best when repeatedly playing the hands it enables. Therefore, this Deck provides natural synergy, since the small size of all three valid poker hands warrant fewer discards to consistently find and score them."
Half Joker,Synergies,2,"Nebula Deck: Since this Deck emphasizes the quick scaling of a single poker hand, it can greatly balloon the power of Half Joker, which already rewards the player for playing the same few hands, with its built-in Telescope Voucher guaranteeing that each Celestial Pack gives a much needed Pluto, Mercury, or Venus, as the three hands this Joker empowers are very weak at base. However, the -1 consumable slot malus can prevent the player from capitalizing on strong consumables like The Chariot Tarot card, or, if somehow generated by Séance or Sixth Sense in the same run, the Deja Vu, Ouija, and Trance Spectral cards."
Half Joker,Synergies,3,"Ghost Deck: The aforementioned Spectral cards (Deja Vu, Ouija, and Trance) all become more acce"
Half Joker,Anti-Synergies,0,"The following poker hands are formed of more than three cards, and thus gain no benefit from Half Joker:"
Half Joker,Anti-Synergies,1,Two Pair
Half Joker,Anti-Synergies,2,Straight
Half Joker,Anti-Synergies,3,Flush
Half Joker,Anti-Synergies,4,Full House
Half Joker,Anti-Synergies,5,Four of a Kind
Half Joker,Anti-Synergies,6,Straight Flush
Half Joker,Anti-Synergies,7,Five of a Kind
Half Joker,Anti-Synergies,8,Flush House
Half Joker,Anti-Synergies,9,Flush Five
Half Joker,Anti-Synergies,10,"Jokers oriented towards larger hands will contribute nothing to a Half Joker build. Some of the numerous examples include not being able to get its benefit while also scaling Square Joker, and being unable to capitalize on The Family, which is one of the strongest flat Multiplicative Mult Jokers in the game, and would otherwise be easy to pivot into from a Three of a Kind build."
Half Joker,Anti-Synergies,11,"Merry Andy: The +3 discards it provides are nice for most other builds, but for Half Joker builds, they are largely irrelevant for the reasons stated multiple times before. Th"
Hallucination,Synergies,0,Magic Deck's extra consumable slot is very useful for saving Tarot cards.
Hallucination,Synergies,1,"Green Deck encourages the player to spend money as they earn it, which works well with Hallucination."
Hallucination,Synergies,2,Oops! All 6s will guarantee a Tarot card when used with Hallucination.
Hallucination,Synergies,3,"Fortune Teller scales with the amount of Tarot cards used, and it's better when used on an Arcana Pack."
Hallucination,Synergies,4,Red Card also has synergy with Booster Packs.
Hallucination,Synergies,5,"Blueprint and Brainstorm can copy Hallucination's effect when opening the Booster Packs, meaning there is a chance for 2 or even 3 Tarot cards."
Hallucination,Synergies,6,"Campfire can gain X0.25 Mult if the Tarot card that is generated is not necessary, and can be even higher if The Emperor or The High Priestess are generated."
Hallucination,Synergies,7,Driver's License and Vampire can be built around using the Tarot cards that Hallucination generates.
Hallucination,Synergies,8,"Crystal Ball gives +1 consumable slot, allowing the player to hold more useful Tarot cards."
Hallucination,Synergies,9,"Clearance Sale and Liquidation lower the price of booster packs, making it easier to purchase and generate more Tarot cards."
Hallucination,Anti-Synergies,0,Nebula Deck's missing consumable slot makes it significantly harder to hold and use the Tarots from Hallucination.
Hanging Chad,Synergies,0,The need for powerful enhanced cards to use with Hanging Chad makes it important to utilize Tarot cards and/or Spectral cards.
Hanging Chad,Synergies,1,The Zodiac Deck increases the rate of Tarot cards in the Shop with its starting Tarot Merchant voucher.
Hanging Chad,Synergies,2,"The Ghost Deck allows for Spectral cards to be found in the Shop, allowing for cards like Aura, Talisman, etc. to be more likely to acquire."
Hanging Chad,Synergies,3,"The Yellow Deck and Green Deck can improve the player's early economy to purchase Booster Packs. These include Standard Packs which may have modified cards, reducing the need for further modification."
Hanging Chad,Synergies,4,"Cards in a Poker Hand can be rearranged in a player's hand before it is played, such that their highest scoring or most Modified card gets retriggered by Hanging Chad (i.e. the left-most card in a played hand). It does not matter how the cards are re-ordered in a player's Poker Hand. For example, a Straight will still count as one even if its played as Queen, Ace, King, Jack, 10. The Queen, in this case, will have triple its effect this way (e.g. it was a Polychrome Bonus card)."
Hanging Chad,Synergies,5,"Smaller hands like High Card or Three of a Kind can help mitigate their lack of played scoring cards, by using Hanging Chad. A singular especially powerful card can make triple its impact with this Joker."
Hanging Chad,Synergies,6,Photograph is one of t
Hanging Chad,Strategy,0,"Hanging Chad will not retrigger a Red Seal. A card with a Red Seal that is played as the first scoring card will only trigger for a total of four times (once for the initial trigger, twice for Hanging Chad, and once more for the Red Seal)."
Hanging Chad,Strategy,1,DNA will not be triggered another two times by Hanging Chad and will only produce one copy of the played card.
Hanging Chad,Strategy,2,"To unlock this Joker, the player must beat a Boss Blind with a High Card."
Hiker,Synergies,0,"The Abandoned Deck and Mad World Deck both have fewer cards than the standard 52 card deck, making finding the desired cards to level up with Hiker much easier. It also benefits from centralization around certain ranks, as those cards will already be played more often."
Hiker,Synergies,1,The Red Deck allows for +1 discard to find cards more reliably.
Hiker,Synergies,2,The Blue Deck gives a +1 hand allowing the player to score more cards for Hiker.
Hiker,Synergies,3,"The Painted Deck increases the player's hand size, making it easier to find desired cards, in addition to making better hands easier to find for those cards."
Hiker,Synergies,4,"The Erratic Deck starts with uneven ranks and suits, which can allow the player to score more cards, allowing Hiker to add more bonus chips to said cards."
Hiker,Synergies,5,"The Plasma Deck benefits the most from Hiker thanks to its balancing feature, as Chips scale a lot faster than Mult."
Hiker,Synergies,6,"Hiker upgrades whenever cards are scored. Naturally, hands with more scoring cards will perform better with Hiker. In particular, Full House, Four of a Kind, Five of a Kind, Flush House, and Flush Five work well as they allow playing multiple of the same rank, upgrading multiple cards of that rank at the same time and making them more appealing and powerful to play in the future."
Hiker,Synergies,7,"Retrigger Jokers are invaluable to Hiker's success, as they allow cards to be scored multiple times and get upgraded multiple times. In addition, each scor"
Hiker,Anti-Synergies,0,"Fragile Deck makes Hiker useless, as every played card will be destroyed once played."
Hiker,Anti-Synergies,1,"Double or Nothing Deck debuffs all cards when scored, which makes it impractical to use Hiker."
Hiker,Anti-Synergies,2,"High Card and Pair are generally the worst to play with Hiker, as the fewest cards are scored. There are some circumstances where they are decent, but those circumstances are uncommon. High Card and Pair have the least amount of scored playing cards, making it less useful with Hiker since only those cards will be enhanced. However, it is possible to make these poker hands work if the circumstances are right (ex. Splash)."
Hiker,Anti-Synergies,3,"The Pillar debuffs previously played cards of the Ante, potentially reducing Hiker's value."
Hit the Road,Synergies,0,"Red Deck may work well with Hit the Road thanks to the +1 discard per round it provides, allowing more Jacks to be discarded."
Hit the Road,Synergies,1,Painted Deck makes drawing Jacks easier thanks to its +2 hand size.
Hit the Road,Synergies,2,"Hit the Road can work with any hand, but with less deck fixing, it is better to play small hands, like High Card, Pair, or Three of a Kind. This ensures that you can discard Jacks while keeping cards in hand to score."
Hit the Road,Synergies,3,"DNA can create 1 Jack per round (or more with copy effects), increasing the amount that Hit the Road can be scaled. It is especially beneficial to duplicate Purple Seal."
Hit the Road,Synergies,4,Drunkard's +1 Discard allows more Jacks to be found and discarded.
Hit the Road,Synergies,5,Juggler allows for more Jacks to be found and good cards to be held in hand for scoring.
Hit the Road,Synergies,6,"Merry Andy gives +3 Discards, allowing more Jacks to be discarded, with the caveat of -1 hand size. The hand size can make Jacks harder to find and force the player to discard fewer Jacks to hold on to scoring cards."
Hit the Road,Synergies,7,"Mail-In Rebate is one of the best Jokers to pair with Hit the Road, as the player is already most likely using all of their discards. It can generate an absurd amount of money with good deck fixing."
Hit the Road,Synergies,8,"Faceless Joker is more reliable money with less deck fixing required, although it has far less potential profit than Mail-In Rebate."
Hit the Road,Synergies,9,"Yorick scales slower than Hit the Road, but its mult"
Hit the Road,Anti-Synergies,0,"Abandoned Deck, Mad World Deck, and Medusa Deck don't work well with Hit the Road due to lack of initial Jacks."
Hit the Road,Anti-Synergies,1,"Blast Off Deck doesn't work well with Hit the Road, as this deck only starts with 2 discards."
Hit the Road,Anti-Synergies,2,"Hands that work with multiple numbered cards, like Straight, Full House, Straight Flush, and Flush House, don't work well with Hit the Road because in an ideal deck you would only have Jacks; if not, you have no discards left to find these hands."
Hit the Road,Anti-Synergies,3,"Burglar removes all Discards, making Hit the Road useless."
Hit the Road,Anti-Synergies,4,"Any Jokers that disincentivize discarding, like Delayed Gratification, Banner, Green Joker, and Ramen, have poor synergy with Hit the Road."
Hit the Road,Anti-Synergies,5,The Water starts with 0 Discards and therefore renders Hit the Road useless.
Hit the Road,Anti-Synergies,6,The Mark makes it difficu
Hit the Road,Strategy,0,"If the player has multiple copies of Hit the Road, they will all level up if one Jack is discarded."
Hologram,Synergies,0,"Ghost Deck offers upside to Hologram thanks to its easier access to Spectral cards, especially those mentioned in the Synergetic Consumables section."
Hologram,Synergies,1,Abandoned Deck and Mad World Deck work well with Hologram thanks to their low amount of starting cards.
Hologram,Synergies,2,"Medusa Deck and Monolith Deck both work well with Hologram, as these decks both start with a Marble Joker, which means Hologram gains X0.25 Mult for free each blind."
Hologram,Synergies,3,"Hologram can be used with any Poker Hand, but small hands such as High Card or Pair are affected the least when constantly adding new cards to the deck."
Hologram,Synergies,4,DNA duplicates the first card played if it is the only card.
Hologram,Synergies,5,Certificate adds a random playing card to hand when a round starts.
Hologram,Synergies,6,Marble Joker adds a Stone when a Blind is selected.
Hologram,Synergies,7,"Blueprint and Brainstorm are powerful on any build, but they are especially useful with Hologram, as they can copy all of DNA, Certificate, Marble Joker, and Hologram itself."
Hologram,Synergies,8,"Blue Joker gives Chips for every remaining card in your deck. However, Blue Joker does need to keep cards in the deck."
Hologram,Synergies,9,"Trading Card allows you to destroy cards at will, thus preventing the deck from becoming too bloated while keeping the benefit of this Joker."
Hologram,Synergies,10,"Vagabond and Cartomancer create Tarots, some of which are useful for handling added cards that aren't"
Hologram,Anti-Synergies,0,Fragile Deck doesn't work well with Hologram due to all sources of adding playing cards besides Cryptid and DNA being banned in this deck.
Hologram,Anti-Synergies,1,"Hologram is probably weakest when paired with strategies that prioritize Straights and Straight Flushes, because it is harder to gain cards into runs than it is to gain cards into sets."
Hologram,Anti-Synergies,2,Erosion has anti-synergy as it gives mult for having a small deck.
Hologram,Anti-Synergies,3,"Since one of the primary ways to scale Hologram is with the use of Booster Packs, Red Card can be hard to use alongside Hologram."
Ice Cream,Synergies,0,"Plasma Deck benefits the most from Ice Cream, as the large amount of chips, when balanced, greatly boost score for the played hand."
Ice Cream,Synergies,1,"It's recommended to play strong, 5-cards hand to score large with Ice Cream. If you can beat blinds with fewer hands, then Ice Cream will last longer. However, when paired with other jokers, Ice Cream can be part of a strategy that makes low-chip hands, like High Card or Pair, high scoring."
Ice Cream,Synergies,2,Ice Cream can synergize with the following jokers:
Ice Cream,Synergies,3,"Throwback: Ice Cream melts with every hand played, and Throwback wants to skip blinds."
Ice Cream,Synergies,4,"As a chips-type Joker, Ice Cream pairs well with any additive mult or multiplicative mult Jokers."
Ice Cream,Anti-Synergies,0,"If a hand that is not allowed is played during The Psychic, The Mouth or The Eye, Ice Cream will still lose 5 Chips."
Ice Cream,Strategy,0,"Ice Cream is one of the best early-game Jokers. Most chips-type Jokers have significant tradeoffs, or require more hands to boost properly, which makes them unsuitable for the early-game."
Ice Cream,Strategy,1,"Without any other jokers, enhanced cards, or leveled hand types, the best hand is a Royal Flush, worth 100 Chips, plus 50 Chips for the cards, and 8 Mult. A fully topped ice cream is worth the equivalent of x1.66 Mult for this hand. For a more typical good hand (like a KKKQQ full house), worth 40 Chips, plus 50 Chips for the cards, and 4 Mult, a fully topped ice cream is worth the equivalent of x2.2 Mult! There are no jokers in the deck this effective for a starting build."
Ice Cream,Strategy,2,"As Ice Cream melts, it becomes significantly less valuable. If you depend on Ice Cream, keep an eye out for its replacement. Try not to add editions to it, as you'll lose them when it melts away."
Ice Cream,Strategy,3,"In the early game, when paired a strong global + Mult joker, like Mystic Summit or Gros Michel, Ice Cream can allow otherwise low-value hands to score big, letting you beat blinds without using hands or discards, thereby racking up an early economy. Once you get past Ante 2 or 3, Ice Cream loses its relative effectiveness, compared to other build strategies."
Ice Cream,Notes,0,"Ice Cream is one of the best early-game Jokers. Most chips-type Jokers have significant tradeoffs, or require more hands to boost properly, which makes them unsuitable for the early-game."
Ice Cream,Notes,1,"Without any other jokers, enhanced cards, or leveled hand types, the best hand is a Royal Flush, worth 100 Chips, plus 50 Chips for the cards, and 8 Mult. A fully topped ice cream is worth the equivalent of x1.66 Mult for this hand. For a more typical good hand (like a KKKQQ full house), worth 40 Chips, plus 50 Chips for the cards, and 4 Mult, a fully topped ice cream is worth the equivalent of x2.2 Mult! There are no jokers in the deck this effective for a starting build."
Ice Cream,Notes,2,"As Ice Cream melts, it becomes significantly less valuable. If you depend on Ice Cream, keep an eye out for its replacement. Try not to add editions to it, as you'll lose them when it melts away."
Invisible Joker,Synergies,0,"Any deck can benefit from Invisible Joker, but the Black Deck offers more rooms to maneuver thanks to its +1 Joker Slot. That said, having an extra joker slot makes Invisible Joker less likely to pick a specific joker."
Invisible Joker,Synergies,1,Invisible Joker does not synergize with any poker hand.
Invisible Joker,Synergies,2,"Invisible Joker does not synergize with any other Joker, other than whatever joker you have that's the ""best"". To provide the best result, players are advised to sell any unimportant Jokers they don't want before selling Invisible Joker, to ensure they get a duplicate of the intended Joker."
Invisible Joker,Synergies,3,"Because Verdant Leaf requires selling one Joker to neutralize its effect, Invisible Joker can benefit players if carried from the start of Ante 8, which can then be sold to disable Verdant Leaf and still retain 5 Jokers."
Invisible Joker,Anti-Synergies,0,"On a Knife's Edge Deck: Invisible Joker might duplicate the Eternal, Pinned Ceremonial Dagger, leaving one permanently stuck behind the other and thus unable to scale."
Invisible Joker,Anti-Synergies,1,"Generally, passive effect Joker like Four Fingers or Pareidolia do not benefit from being copied by Invisible Joker."
Invisible Joker,Anti-Synergies,2,There are also some Jokers that might be expected to work well when copied but can behave unexpectedly with multiple copies. This includes:
Invisible Joker,Anti-Synergies,3,"Sixth Sense: Only one Spectral card will be created, even with multiple copies of it."
Invisible Joker,Anti-Synergies,4,"To Do List: Unlike Jokers like Mail-In Rebate, where multiple copies will always choose the same rank, multiple copies of To Do List may want different hands to be played."
Invisible Joker,Anti-Synergies,5,Vampire: Only the leftmost Vampire will sca
Invisible Joker,Strategy,0,"Unlocking Invisible Joker is done easiest on the Painted Deck since it has -1 Joker slot, but only if the player does not purchase any Negative Jokers, or the Antimatter Voucher."
Invisible Joker,Strategy,1,"Invisible Joker can duplicate a second Invisible Joker if players manage to acquire one via Showman. However, the duplicated Invisible Joker will have its rounds played status reset to 0/2."
Invisible Joker,Strategy,2,"An Invisible Joker that is duplicated by the Ankh Spectral card will be created with the same number of ""round played"" status as the original. Any copies created by selling a second Invisible Joker will still have 0/2 rounds played, however."
Invisible Joker,Strategy,3,"A duplicated Joker from a Negative edition Invisible Joker can let the player have 1 more Joker than the number of slots. If the player manages to acquire a negative Invisible Joker and sell it with all joker slots filled, the player will still gain a copy of a random joker. Doing so, however, will add -1 to the Joker Slots (example: 6/5), preventing other Negative Jokers from being bought."
Invisible Joker,Strategy,4,"If Invisible Joker copies a debuffed Joker, the copied Joker will also be debuffed. The same applies for temporary debuff caused by Crimson Heart, while in next hand they will both recover."
Invisible Joker,Strategy,5,"Specifically, if an Invisible Joker copies a debuffed Negative Joker (whether it obtains negative earlier and then debuff, or vice versa), though the copied Joker does not have a negative effect, sell"
Joker,Overview,0,"In spite of its pitiful Mult bonus, Joker is a deceptively strong pickup in the early Antes due to its nature as an unconditional and extremely cheap score booster. It doubles the score of the most common 5-card hands at Level 1 (Straight, Flush, and Full House), making it so that every Blind in Ante 1 can be cleared with just one of these hands, provided the base Chips add up to 75 or more. Assuming the player spends $2 in the first Shop to buy Joker, buys/sells nothing else, and scores a sufficient 5-card hand (or Four of a Kind) in all three Blinds without using any more hands, they would enter Ante 2 with a minimum of:"
Joker,Overview,1,$19 on Black Deck
Joker,Overview,2,$27 on Blue Deck
Joker,Overview,3,$29 on Green Deck
Joker,Overview,4,$40 on Yellow Deck
Joker,Overview,5,$23 on all other Decks
Joker,Overview,6,While Ante 1 can be cleared without sp
Joker Stencil,Synergies,0,"Black Deck is good with this Joker, as this deck gives +1 Joker slot, which basically gives it an extra X1 Mult."
Joker Stencil,Synergies,1,"Similarly, Five-Card Draw Deck is even better with this Joker, as this deck gives +2 Joker slots, which basically gives it an extra X2 Mult."
Joker Stencil,Synergies,2,"Ghost Deck can be potent with Joker Stencil thanks to its easier access to Spectral cards, especially those mentioned in the Synergetic Spectral cards section."
Joker Stencil,Synergies,3,"Nebula Deck is really good with this Joker, as it relies less on having many Jokers, thus freeing up slots."
Joker Stencil,Synergies,4,"Zodiac Deck can be good with this Joker, as it gives more chances for cards other than Jokers to appear."
Joker Stencil,Synergies,5,"Strong five-card hands like Flush, Straight, or Full House synergize well with Joker Stencil thanks to their high base Mult."
Joker Stencil,Synergies,6,"Any Negative Joker works well with this, as they do not take up a Joker slot."
Joker Stencil,Synergies,7,"Because the Joker Stencil counts itself as an empty slot, multiple Joker Stencils combine brilliantly. If you have five slots, two Joker Stencils, and no other Jokers, they both provide X5 Mult for a combined total of X25 Mult. A negative joker stencil gives an extra X1 Mult to each Joker Stencil (the formula being X Mult = Empty Joker slots + # of Joker Stencils)."
Joker Stencil,Synergies,8,"Invisible Joker can be very good for duplicating the Joker Stencil, provided you can play around the loss of X1 Mult for two rounds b"
Joker Stencil,Anti-Synergies,0,"Painted Deck hamstrings Joker Stencil with its -1 Joker Slot, giving it X1 Mult less."
Joker Stencil,Anti-Synergies,1,"Similarly, Cruelty Deck hamstrings Joker Stencil even more with its -2 Joker Slots, giving it X2 Mult less."
Joker Stencil,Anti-Synergies,2,"Plasma Deck is also generally not good with this Joker, as usually the player either wants a lot of chips for early antes or needs a lot more mult for later antes, more than what this Joker gives."
Joker Stencil,Anti-Synergies,3,"15 Minute City Deck and Blast Off Deck do not work well with Joker Stencil, as these decks both start with two Eternal Jokers, which means Joker Stencil gives less XMult than usual. Not only that, but Blast Off Deck also reduces a Joker slot, which means Joker Stencil gives even less XMult than usual."
Joker Stencil,Anti-Synergies,4,"Typecast Deck sets your Joker Slots to 0 after ante 4, which sets Joker Stencil to X0 Mult or less."
Joker Stencil,Anti-Synergies,5,Weak
Jolly Joker,Synergies,0,"Virtually all of the Decks work comparably well with Jolly Joker, as Pair is the easiest hand to assemble - barring High Card (which always is assembled), and it is all but guaranteed to find one after a discard or two outside of the most extreme circumstances."
Jolly Joker,Synergies,1,"Abandoned Deck and Mad World Deck: These Deck are favored by this Joker, as they contain less overall ranks, and total cards, which makes it that much easier to find a Pair."
Jolly Joker,Synergies,2,Nebula Deck: Scaling Mercury using this Deck's integral Telescope Voucher can make it a worthwhile choice.
Jolly Joker,Synergies,3,"Plasma Deck: Has very slight anti-synergy with this Joker, as Additive Mult is overall not a good complement to the Deck's strength; Chips are preferred in the non-Endless Antes, and past that, several sources of Multiplicative Mult are preferred."
Jolly Joker,Synergies,4,"Jolly Joker can trigger on any hand except for High Card. Through deck manipulation, even Flushes can benefit. Straight Flushes can benefit under very specific cases when combined with Four Fingers; Straight can benefit under similar circumstances if these two Jokers are also combined with Splash, although this is a highly impractical combo and should be avoided."
Jolly Joker,Synergies,5,"Sly Joker and The Duo pair well with this, as both will trigger on the same activation as this joker."
Jolly Joker,Synergies,6,Half Joker can be easily triggered along with this jok
Juggler,Synergies,0,"Juggler synergizes with all decks, as +1 hand size is always useful. It is somewhat less useful on Painted Deck, however, due to the missing Joker Slot and that this deck already increases hand size."
Juggler,Synergies,1,"Any strong 5 card hands can benefit from Juggler, as the increased hand size means higher chance to draw needed cards to form the hand."
Juggler,Synergies,2,"Juggler can also be good in High-card builds which rely on cards being in hand to score, such as with Steel cards."
Juggler,Synergies,3,Baron: gives X Mult for kings held in hand.
Juggler,Synergies,4,Shoot the Moon: gives +13 Mult for each queen held in hand.
Juggler,Synergies,5,Mime: more cards held in hand means more cards for Mime to retrigger.
Juggler,Synergies,6,Reserved Parking: has a 1 in 2 chance to give $1 for every face card held in hand.
Juggler,Synergies,7,"Troubadour: +2 hand size, coupled with Juggler, will provide a whooping 11 cards in hand."
Juggler,Synergies,8,Merry Andy: Juggler can offset its -1 hand size penalty.
Juggler,Synergies,9,Stuntman: Juggler can partially offset its -2 hand size penalty.
Juggler,Synergies,10,"If Crimson Heart disables Juggler, the hand size will return to normal but current hand will stay intact until the next discard (ex: 9/8). By quitting to Main Menu and returning, the hand size actually permanently increases (ex: 9/9), giving players a permanent hand size upgrade."
Juggler,Synergies,11,The Manacle gets countered by Juggler.
Juggler,Anti-Synergies,0,"Blackboard can be harder to trigger, as the increased hand size can make it harder to hold only Clubs and Spades in your hand."
Juggler,Anti-Synergies,1,The increase hand size will make it hard for Raised Fist to give more score from high-ranked cards.
Juggler,Strategy,0,The Five-Card Draw Deck challenge bans Juggler.
Loyalty Card,Synergies,0,"Blue Deck works well with this Joker, as the +1 hand makes it easier to activate."
Loyalty Card,Synergies,1,"Any poker hand can benefit from Loyalty Card, but it tends to work best with large hands like Straight and Full House since they tend to struggle against more boss blinds than smaller hands, e.g. The Water, The House, The Fish and The Mouth, and their higher power compensates for Loyalty Card’s long downtime."
Loyalty Card,Synergies,2,Burglar's +3 hands usually allow Loyalty Card to trigger every blind.
Loyalty Card,Synergies,3,"The Order, The Trio and Flower Pot provide X Mult that can be triggered every round, and appreciate Loyalty Card's ability to blow through boss blinds like The Water and The House that make the hands necessary to trigger them harder to assemble."
Loyalty Card,Synergies,4,"Bloodstone, Smiley Face, Hiker, and all other Jokers that trigger on playing cards appreciate Loyalty Card defeating boss blinds that debuff the required playing cards, like The Head, The Plant, and especially The Pillar."
Loyalty Card,Synergies,5,"Grabber and Nacho Tong give you extra hands per round, helping you trigger this more often. With Nacho Tong (or Grabber + Blue Deck), Loyalty Card can trigger every blind if the player opts to use every hand for it, making it significantly stronger."
Loyalty Card,Synergies,6,This Joker is easy to locate when playing a
Loyalty Card,Anti-Synergies,0,"Black Deck, Blast Off Deck, and Golden Needle Deck all have anti-synergy with Loyalty Card due to their reduced number of hands."
Loyalty Card,Anti-Synergies,1,"Troubadour has anti-synergy with Loyalty Card, as the -1 hand each round makes it difficult to reach the 6 hands requirement to activate Loyalty Card."
Loyalty Card,Anti-Synergies,2,"Hieroglyph has anti-synergy with Loyalty Card, as the -1 hand each round makes it difficult to reach the 6 hands requirement to activate Loyalty Card."
Loyalty Card,Strategy,0,"The ""critical hit"" nature of Loyalty Card makes it suitable for dealing with Boss Blinds that punish multiple plays (The Needle, The Tooth, The Eye, or The Fish) and blinds with high score requirements (The Wall and Violet Vessel), as long as it triggers at the appropriate time. Therefore, with Loyalty Card, sometimes it is not better to play fewer hands in a round, but rather to adjust the hands played so that the Loyalty Card can be triggered when needed."
Luchador,Synergies,0,"Black Deck: The +1 Joker slot makes carrying this Joker less taxing, as it can be played alongside 5 scoring Jokers. The much less forgiving economy of this Deck in the early game also gives many more opportunities for this card to keep a run alive, allowing for proper capitalization on the benefits of an extra Joker slot later on."
Luchador,Synergies,1,"Magic Deck: If the Judgement Tarot card is discovered early in the run, the two starting copies of The Fool can be used to duplicate them, therefore allowing for a quick replacement of this Joker once its effect is activated."
Luchador,Synergies,2,"Ghost Deck: This Deck has easier access to the Wraith Spectral card, which serves as a higher-risk but higher-reward version of the aforementioned Judgement. It can also use its starting Hex card to turn Luchador into scoring assistance, but this should only be done as a last resort."
Luchador,Synergies,3,"Luchador doesn't benefit any poker hands directly. However, certain hands can occasionally appreciate the assistance it provides (such as Flush against one of the suit-debuffing Boss Blinds, or, less frequently, a High Card/Pair/Three of a Kind build against The Psychic)."
Luchador,Synergies,4,"Being a utility Joker, Luchador does not directly synergize with any build. However, it can enable a wealth of Jokers that are otherwise soft or hard countered by specific Boss Blinds, in the event they are encountered."
Luchador,Anti-Synergies,0,"Painted Deck: This Deck has innate anti-synergy due to the -1 Joker slot penalty, and is generally not worth considering anyway due to the +2 hand size bonus allowing for easier assembly of more potent hands."
Luchador,Anti-Synergies,1,This also applies to Blast Off Deck and Cruelty Deck.
Luchador,Anti-Synergies,2,Matador cannot earn money from a disabled Boss Blind.
Luchador,Anti-Synergies,3,"Chicot disables the effect of every Boss Blind while it is held. It is a direct upgrade over Luchador in most cases. Due to the role overlap, these two should not be used together."
Luchador,Anti-Synergies,4,"Amber Acorn flips and shuffles all Jokers, so the player doesn't know which of their Jokers is Luchador. Trying to pick a Joker to sell could likely result in selling the wrong card by mistake."
Luchador,Anti-Synergies,5,"If Crimson Heart debuffs this card, it can still be sold, but will not disable the Blind."
Luchador,Strategy,0,"In fact, for most runs, players are only vulnerable to 1-2 specific Boss Blinds and one Showdown Blind. In an Ante 8 run, excluding Ante 1 and 2 (at which point a specific gameplay style is unlikely to be formed), the probability of encountering both detrimental Boss Blinds, or a Boss Blind combined with a Showdown Blind is relatively low (both around 6%). Therefore, Luchador is sufficient to handle the risk. However, in endless mode, the player will face many Boss Blinds, so it would be better to have a method that can avoid multiple Boss Blinds (such as Chicot and Director's Cut)."
Lucky Cat,Synergies,0,Zodiac Deck starting with Overstock and Tarot Merchant improves the chances of finding The Magician in shop.
Lucky Cat,Synergies,1,"Magic Deck starts with two copies of The Fool, increasing the player's initial amount of Lucky cards when finding The Magician."
Lucky Cat,Synergies,2,"While Lucky Cat technically affects all hands evenly, five-card hands allow more Lucky cards to be played at once, increasing the potential for a successful trigger, such as:"
Lucky Cat,Synergies,3,Straight
Lucky Cat,Synergies,4,Flush
Lucky Cat,Synergies,5,Full House
Lucky Cat,Synergies,6,"Oops! All 6s doubles the odds of Lucky cards' effects activating. Three copies will guarantee the Mult activation, and therefore, the Xmult for Lucky Cat."
Lucky Cat,Synergies,7,Splash allows five Lucky cards to be scored in case they can't form a five-card poker hand.
Lucky Cat,Synergies,8,Driver's License may benefit with enough Lucky cards in the Deck to activate its conditional X3 Mult.
Lucky Cat,Synergies,9,"Retrigger Jokers are very beneficial, as they increase the odds of a successful trigger, further scaling Lucky Cat."
Lucky Cat,Synergies,10,Hack and Sock and Buskin both retrigger cards of certain ranks.
Lucky Cat,Synergies,11,Seltzer retriggers all cards played for 10 hands.
Lucky Cat,Synergies,12,Dusk retriggers all cards played on the final hand.
Lucky Cat,Synergies,13,"Hanging Chad retriggers the first card played twice, benefiting the player as long as the Lucky card is placed first."
Lucky Cat,Synergies,14,Red Seal double the opportunities for the Lucky car
Lucky Cat,Anti-Synergies,0,Bram Poker Deck makes Lucky Cat useless due to the Eternal Vampire this deck starts with.
Lucky Cat,Anti-Synergies,1,"Vampire is not recommended, as it removes the Lucky enhancement when scored, making Lucky Cat impossible to scale."
Lucky Cat,Anti-Synergies,2,"Midas Mask converts all face cards into Golds, therefore overriding the previous Enhancement."
Lucky Cat,Anti-Synergies,3,"Vagabond may be risky to use, as just one $20 trigger will prevent it from creating more Tarot cards (unless the player has $-16 or less, which is pretty unlikely)."
Lucky Cat,Anti-Synergies,4,"The Pillar debuffs previously played cards of the Ante, which may make some Lucky cards unusable."
Lucky Cat,Anti-Synergies,5,The Fish can potentially make it hard to play hands with Lucky cards if multiple hands are required to defeat the Boss Blind.
Lusty Joker,Synergies,0,Magic Deck's Fool Tarots can be used to mass-convert cards to have Heart suits.
Lusty Joker,Synergies,1,"Ghost Deck can find a Sigil Spectral card in the shop, which may convert cards into Hearts."
Lusty Joker,Synergies,2,"This Joker is easier to take with Checkered Deck, as the deck starts with 26 Heart playing cards."
Lusty Joker,Synergies,3,This Joker works best with Flush-type hands that only contain Hearts:
Lusty Joker,Synergies,4,Flush
Lusty Joker,Synergies,5,Straight Flush (and Royal Flush)
Lusty Joker,Synergies,6,Flush House
Lusty Joker,Synergies,7,Flush Five
Lusty Joker,Synergies,8,"Other hands that score more cards are generally better to play with Lusty Joker, as they allow more Heart cards to be scored."
Lusty Joker,Synergies,9,"As Lusty Joker's effect triggers when a Heart card is scored, retrigger Jokers, that allow cards to be scored multiple times, are very good to combo with Lusty."
Lusty Joker,Synergies,10,"Flush Jokers, like Crafty Joker and Droll Joker, work well with Lusty Joker, as you want to be playing flushes to maximize Lusty's effect anyways."
Lusty Joker,Synergies,11,"Bloodstone also triggers off of Heart cards scored, forming a natural synergy with Lusty Joker. As Bloodstone gives X Mult on a chance basis, Lusty Joker can be a natural addition to Oops! All 6s builds, which tend to use Lucky cards and other chance-based Joker effects, or other ""X Mult from cards played"" Jokers, like The Idol or, sometimes, Ancient Joker."
Lusty Joker,Synergies,12,"Because Lusty Joker's Mult is applied during the scoring of your played cards, Jokers that focus on creating Tarot cards are helpful to Lu"
Lusty Joker,Anti-Synergies,0,"When facing The Head, all Heart cards are debuffed, meaning Lusty Joker cannot activate."
Mad Joker,Synergies,0,"Abandoned Deck and Mad World Deck work well with this Joker thanks to their smaller deck, allowing you to find a Two Pair easier."
Mad Joker,Synergies,1,Erratic Deck can work well with this Joker if it randomizes a lot of cards with the same rank.
Mad Joker,Synergies,2,Any Poker Hand that contains a Two Pair will benefit from Mad Joker. These are:
Mad Joker,Synergies,3,Two Pair
Mad Joker,Synergies,4,Full House
Mad Joker,Synergies,5,Flush House
Mad Joker,Synergies,6,Flush - only if the flush contains a Two Pair
Mad Joker,Synergies,7,Four of a Kind and similar hands do not trigger Mad Joker.
Mad Joker,Synergies,8,Spare Trousers gains Mult when playing a Two Pair.
Mad Joker,Synergies,9,"Square Joker gains Chips any time a played hand consists of exactly 4 cards. Since a standard Two Pair is exactly four cards, the player can strengthen Square Joker while getting Mult from Mad Joker."
Mad Joker,Synergies,10,Sly Joker and Clever Joker give Chips on a Pair and Two Pair respectively.
Mad Joker,Synergies,11,Jolly Joker gives Mult if the played hand contains a Pair.
Madness,Synergies,0,"Madness adds multiplicative Mult at a prodigious rate, but the player will need more than multiplicative Mult to win a run. For that reason, it's best to choose decks that can feasibly feed into Madness from an early point."
Madness,Synergies,1,"Ghost Deck on some occasions, can be potent with Madness. If the player is playing on Black Stake or above and Madness is Eternal, the player can safely use the given Hex to give it Polychrome or even Ankh it to create multiple copies of Madness that cannot destroy each other, scaling the player's scoring power at an astounding rate."
Madness,Synergies,2,"On occasions where the player opts for a Madness-only Joker run, Painted Deck and Cruelty Deck may feasibly work well, as their reduced Joker slots are rendered moot in most cases."
Madness,Synergies,3,"Non-Perishable Deck works well with Madness, as all Jokers are Eternal, and Madness cannot destroy them but is still able to scale."
Madness,Synergies,4,"Typecast Deck might work well with Madness, as after defeating Ante 4's boss, all Jokers will become Eternal, allowing Madness to scale freely without destroying other Jokers."
Madness,Synergies,5,"Some Challenge Decks that start with Eternal Jokers, such as 15 Minute City Deck, Bram Poker Deck, Blast Off Deck, etc., may work well with Madness."
Madness,Synergies,6,"Madness synergizes poorly with hands that have low native Mult and rely on Jokers for bonuses, but quite well with hands that have high"
Madness,Anti-Synergies,0,"Anaglyph Deck has slight anti-synergy with this Joker, as it encourages the player to skip blinds, which remove an opportunity to scale Madness."
Madness,Anti-Synergies,1,"On Plasma Deck the player nearly always wants to take advantage of the easy early Antes by using a few chips Jokers and as many value generators as possible. However, taking Madness early makes it very difficult to do so, as well as preventing the player from pivoting their Chips to Mult if they took any Eternal Jokers."
Madness,Anti-Synergies,2,"Any Joker that cannot receive the Eternal sticker is inherently anti-synergistic with Madness, such as Gros Michel, as it has the potential to be destroyed before the player can get full value from the Joker."
Mail-In Rebate,Synergies,0,"Red Deck grants an extra discard, allowing more cards of the selected rank to be discarded."
Mail-In Rebate,Synergies,1,"Painted Deck allows the player to have more cards in hand, letting the player discard more cards without sacrificing good hands."
Mail-In Rebate,Synergies,2,"Black Deck can more easily take Mail-In Rebate, as it has more Joker slots, and it is recommended to discard more with Black Deck anyway, as the player must play better hands to compensate for having fewer hands. Black Deck can also hold more Jokers that help with discarding, like Drunkard."
Mail-In Rebate,Synergies,3,"Abandoned Deck and Mad World Deck both contain fewer ranks and total cards, making it easier to find the selected rank and discard it."
Mail-In Rebate,Synergies,4,"Golden Needle Deck removes money when discarding, and Mail-In Rebate is an effective counter to this."
Mail-In Rebate,Synergies,5,"Hands that need fewer cards are better if the player has a smaller hand size, like Three of a Kind, which allows them to discard 5 cards if they have the default hand size. For this reason, Straight, Flush, and Full House are less valuable with Rebate."
Mail-In Rebate,Synergies,6,"However, Five of a Kind and Flush Five are sometimes better in highly centralized decks, as with more of that rank, Mail-In Rebate will likely choose that rank, and discarding them will be fine, as the player is more likely to draw more to form a Five of a Kind still."
Mail-In Rebate,Anti-Synergies,0,"Blast Off Deck doesn't work well with Mail-In Rebate, as this deck only starts with 2 discards."
Mail-In Rebate,Anti-Synergies,1,"Any Jokers that benefits from not using Discards, like Delayed Gratification or Banner, have anti-synergy with Mail-In Rebate."
Mail-In Rebate,Anti-Synergies,2,"Burglar removes all discards, effectively disabling Mail-In Rebate."
Mail-In Rebate,Anti-Synergies,3,"The Water sets your discards to 0, making Mail-In Rebate useless for the round."
Mail-In Rebate,Anti-Synergies,4,"Since debuffed cards do not have a rank, any blind that debuffs cards makes it less likely for the player to make use of Mail-In Rebate."
Mail-In Rebate,Anti-Synergies,5,Blue Stake and above hinder Mail-In Rebate's potential because they have 1 less discard by default.
Mail-In Rebate,Strategy,0,Mail-In Rebate has an extremely high potential cash output. The player should try and maximize its potential by ensuring that all the cards in your deck are the same rank. This can be done through a variety of methods.
Mail-In Rebate,Strategy,1,"Copying Mail-In Rebate with Blueprint or Brainstorm while discarding 5 cards gives a total of $50, and adding more copies just adds more money per discard."
Mail-In Rebate,Strategy,2,"The player should be careful not to discard too much, as completely running out of cards is an instant loss."
Mail-In Rebate,Notes,0,Mail-In Rebate has an extremely high potential cash output. The player should try and maximize its potential by ensuring that all the cards in your deck are the same rank. This can be done through a variety of methods.
Mail-In Rebate,Notes,1,"Copying Mail-In Rebate with Blueprint or Brainstorm while discarding 5 cards gives a total of $50, and adding more copies just adds more money per discard."
Mail-In Rebate,Notes,2,"The player should be careful not to discard too much, as completely running out of cards is an instant loss."
Marble Joker,Synergies,0,Plasma Deck can use the Stones created to great effect. Marble's Stone cards could win the entire run in combination with only a few other Chip Jokers and/or Planet cards.
Marble Joker,Synergies,1,"Abandoned Deck and Mad World Deck have fewer cards than other decks, meaning the player will be able to draw a mixture of Stone and non-Stone cards more consistently."
Marble Joker,Synergies,2,"Red Deck allows you to find Stone cards easier, letting the player play more hands with as many Stone cards as possible."
Marble Joker,Synergies,3,Blue Deck's extra hand allows the player to play more Stone card hands and scale hand-based mult-scaling Jokers.
Marble Joker,Synergies,4,"Black Deck's extra Joker slot makes it easier to take Marble, as there will be more Jokers to carry it as it starts to create Stone cards."
Marble Joker,Synergies,5,"High Card is the best hand to use with Stone cards, as you can end up playing five of them. Besides that, Pair and Three of a Kind still allow you to play a few Stone cards, and Two Pair and Four of a Kind allow you to play one. Straight, Flush, and Straight Flush can also be played with one stone card with Four Fingers. No other hand can be played with Stone cards. You will want to end up focusing on High Card, as it is the most reliable and plays the most Stone cards."
Marble Joker,Synergies,6,"Marble Joker will only work with some way to scale Mult. This can be scaling based on hands played, like from Ride the Bus or Supernova, scaling"
Marble Joker,Anti-Synergies,0,"If Marble Joker is held for a long time or is Eternal, higher value poker hands like Straight and Four of a Kind that rely on finding specific cards are much harder to find with many Stones in the deck."
Marble Joker,Anti-Synergies,1,"Erosion relies on a small deck size, which is more difficult to get when 1 card is added per round from Marble Joker."
Marble Joker,Anti-Synergies,2,"Since the Stone cards given by Marble Joker always score no matter what, Splash becomes unnecessary."
Marble Joker,Strategy,0,"Generally, Marble Joker isn't a strong Joker. Stones only really work with High Card and Pair builds, and you need a large amount of them in your deck to consistently draw and play them. Marble Joker ends up in an awkward state early where it takes up a Joker slot that could be used for another Chips provider like Stuntman or Castle that can work better with High Card builds. However, the Stone cards it adds can end up supplanting a Chips Joker entirely, meaning you can sell Marble after getting value from it and go into the final Boss Blind with an extra Mult or effect Joker you'd be missing otherwise. With that said, Marble joker can be great when it's fueling some specific other jokers."
Matador,Synergies,0,"Matador gains the most value out of being used during applicable Boss Blinds the most amount of times. This generally means you want more hands, and Blind reroll abilities if the boss won't trigger Matador."
Matador,Synergies,1,"Blue Deck allows you to play more hands, allowing Matador to trigger more often."
Matador,Synergies,2,Anaglyph Deck appreciates a way to make money that isn't hindered by needing to play Blinds instead of skipping them.
Matador,Synergies,3,"Double or Nothing Deck will trigger Matador when attempting to score debuffed cards, even during Small and Big Blinds."
Matador,Synergies,4,"Burglar is the best Joker to combine Matador with, as with ideal draws you can obtain an additional $24 from each Boss Blind."
Matador,Synergies,5,"To the Moon can benefit from the mid-round money earning, as this money will count toward interest."
Matador,Synergies,6,Jokers such as Bull or Bootstraps that directly scale off of money enjoy the extra cash that Matador brings in.
Matador,Synergies,7,Jokers such as Flash Card or Red Card that scale off of actions that require money to be spent can also benefit from the extra spendable cash.
Matador,Synergies,8,Mr. Bones makes Matador less punishing.
Matador,Synergies,9,"Using Pareidolia during The Plant will debuff every single card, which means playing any hand will always trigger Matador."
Matador,Synergies,10,"Similarly, using Smeared Joker during any of the four suit-debuffing Boss Blinds will double the amount of cards debuffed, doubling the chances for Matador to trigger."
Matador,Synergies,11,As with m
Matador,Anti-Synergies,0,"Black Deck, Blast Off Deck, and Golden Needle Deck don't allow the player many chances for Matador to trigger due to their reduced number of hands."
Matador,Anti-Synergies,1,"Checkered Deck starts with 0 Clubs and 0 Diamonds in the deck, which makes it significantly harder for the player to earn money when playing against The Club or The Window."
Matador,Anti-Synergies,2,"Abandoned Deck and Medusa Deck start with no face cards, meaning the player will struggle to make use of Matador if the upcoming Blind is The Plant."
Matador,Anti-Synergies,3,"Boss-Blind-disabling Jokers like Luchador and Chicot should generally be treated as mutually exclusive with Matador, as their abilities to disable Boss Blinds' abilities leave Matador useless."
Matador,Strategy,0,"Matador only triggers if the debuffed card is played and ""scored"". This means e.g. a High Card with one non-debuffed scoring card and some debuffed cards that do not ""score"" will not trigger Matador."
Merry Andy,Synergies,0,"Merry Andy is a good Joker early game for the economy of the Green Deck, since it gains no interest and instead earns money only based on discards and hands remaining, extra discards are pretty valuable. Merry Andy can also be useful early game for the Painted Deck, as its hand size penalty is completely negated by the Painted Deck's bonus hand size."
Merry Andy,Synergies,1,Straights usually require more discards to set up.
Merry Andy,Synergies,2,"If the player needs to draw a specific enhanced card to win, Merry Andy enables the player to sift through up to 15 more cards every round."
Merry Andy,Synergies,3,"Although, the reduced Hand Size makes it harder to hold multiple Steels and Golds at once."
Merry Andy,Synergies,4,Juggler helps with negating this Joker's downside.
Merry Andy,Synergies,5,Banner can combo with Merry Andy to provide additional chips early game.
Merry Andy,Synergies,6,Castle and Yorick can scale much faster since Merry Andy allows you to discard 15 more cards per blind.
Merry Andy,Synergies,7,"It also works well with Delayed Gratification for economy, increasing the payout by an extra $6. However, the smaller hand size will make it harder to play certain hands."
Merry Andy,Synergies,8,"Blackboard benefits from reduced hand size, making it easier to hold only Spades or Clubs for its Mult bonus."
Merry Andy,Synergies,9,Raised Fist becomes easier to use with high-ranked cards.
Merry Andy,Synergies,10,Paint Brush and Palette can mitigate Merry Andy's -1 hand size penalty.
Merry Andy,Anti-Synergies,0,Five-Card Draw Deck's reduced hand size may make it impossible to play certain poker hands.
Merry Andy,Anti-Synergies,1,Jokers with held in hand abilities vary with Merry Andy's effectiveness.
Merry Andy,Anti-Synergies,2,"Baron, Shoot the Moon, and Reserved Parking are all weakened due to holding fewer face cards in hand."
Merry Andy,Anti-Synergies,3,"Inversely, Raised Fist actually benefits, as the player is less likely to hold a card with a low rank at any moment."
Merry Andy,Anti-Synergies,4,"Burglar always removes all discards, effectively making Merry Andy -1 Hand Size with no upside."
Merry Andy,Anti-Synergies,5,"Stuntman adds an additional -2 hand size, making it difficult to feasibly form 5-card poker hands."
Merry Andy,Anti-Synergies,6,Green Joker and Ramen discourage discarding due to weakening with each used discard.
Merry Andy,Anti-Synergies,7,"Ectoplasm should not be used more than once with Merry Andy, as its permanent hand size reduction can make even han"
Merry Andy,Strategy,0,"As skipping is usually a high-risk strategy, it can be tricky to win a run in 12 or fewer rounds, meaning the player must skip at least 12 Blinds, averaging at 1.5 Blinds per Ante skipped."
Merry Andy,Strategy,1,"* A basic Deck, such as Red Deck or Blue Deck, is likely the best, as an additional discard/hand makes it more feasible to play more risky as is the case with skipping."
Merry Andy,Strategy,2,"Plasma Deck can skip more in the early game due to its balancing ability, making the need to obtain Jokers early less of a priority."
Merry Andy,Strategy,3,"Anaglyph Deck earns the player a Double Tag upon defeating a Boss Blind, making skipping slightly more viable."
Merry Andy,Strategy,4,"Tags in general to look out for are Investment Tag and Speed Tag, as earning Economy is critical since the player sees fewer Shops and Blind payouts overall."
Merry Andy,Strategy,5,"Throwback will have scaled to a minimum of X4 Mult by the end of the run, making it a very consistent source of scaling multiplicative mult."
Merry Andy,Strategy,6,"The Uncommon Tag may be a quick way to obtain Throwback early, on top of retroactively scaling it."
Merry Andy,Notes,0,"As skipping is usually a high-risk strategy, it can be tricky to win a run in 12 or fewer rounds, meaning the player must skip at least 12 Blinds, averaging at 1.5 Blinds per Ante skipped."
Merry Andy,Notes,1,"* A basic Deck, such as Red Deck or Blue Deck, is likely the best, as an additional discard/hand makes it more feasible to play more risky as is the case with skipping."
Merry Andy,Notes,2,"Plasma Deck can skip more in the early game due to its balancing ability, making the need to obtain Jokers early less of a priority."
Merry Andy,Notes,3,"Anaglyph Deck earns the player a Double Tag upon defeating a Boss Blind, making skipping slightly more viable."
Merry Andy,Notes,4,"Tags in general to look out for are Investment Tag and Speed Tag, as earning Economy is critical since the player sees fewer Shops and Blind payouts overall."
Merry Andy,Notes,5,"Throwback will have scaled to a minimum of X4 Mult by the end of the run, maki"
Midas Mask,Synergies,0,"Mad World Deck starts with an Eternal Pareidolia, which makes it so that all cards are upgraded to Gold cards when scored."
Midas Mask,Synergies,1,"Any five-card hand with five face cards will benefit Midas Mask the most. This includes Flush, Full House, Five of a Kind, Flush House, and Flush Five."
Midas Mask,Synergies,2,"Since it is slightly more difficult to make a Straight or Straight Flush with face cards than other cards, Midas Mask is slightly less useful if you have invested in those hands."
Midas Mask,Synergies,3,"Late game, playing small hands like High Card means you can keep more Gold cards in hand."
Midas Mask,Synergies,4,Mime means the Gold cards make twice as much money.
Midas Mask,Synergies,5,"Midas Mask naturally synergizes with Smiley Face, Scary Face, and Business Card when playing the face cards. However, you're not going to want to play your golden face cards later in the game."
Midas Mask,Synergies,6,"It has an extremely strong synergy with Pareidolia, which makes it so that all cards are upgraded to Gold cards when scored."
Midas Mask,Synergies,7,"Beware of using Stones with this strategy, as they will also be turned into regular Gold cards, which may ruin a run based on Stone cards."
Midas Mask,Synergies,8,Golden Ticket makes Gold cards give +$4 when played.
Midas Mask,Synergies,9,"Vampire removes card enhancements in exchange for X0.1 Mult per enhancement removed, making it a potent combination with Midas"
Midas Mask,Anti-Synergies,0,This Joker is close to useless on the Abandoned Deck and Medusa Deck since it has no face cards.
Midas Mask,Anti-Synergies,1,"The Plant debuffs all face cards, preventing Midas Mask from making any gold cards for the round."
Midas Mask,Strategy,0,The Fragile Deck challenge bans Midas Mask.
Mime,Synergies,0,"The Painted Deck gives an additional +2 to the player's hand size, allowing Mime to activate more cards."
Mime,Synergies,1,"The Ghost Deck allows for Spectral cards to be readily available in the Shop, making Seals more attainable."
Mime,Synergies,2,"High Card is arguably the best hand with Mime, since it requires the least amount of cards to play. This allows for more cards to be held in hand."
Mime,Synergies,3,"Pair and Three of a Kind can be used for the same reasons, although slightly less effectively."
Mime,Synergies,4,"Held in hand Jokers synergize the best with Mime, since it enables them to be activated twice. These include:"
Mime,Synergies,5,Reserved Parking will generally give $0.25 more on average.
Mime,Synergies,6,"This can change depending on retriggers and held in hand effects, see the Reserved Parking page for an explanation on the specific interactions and numbers."
Mime,Synergies,7,Raised Fist and Shoot the Moon: Provides double their + Mult to the score.
Mime,Synergies,8,"Baron: Potentially the strongest duo with Mime by giving an additional X1.5 Mult for each retrigger. This, paired with the Plasma Deck, can also allow the player to possibly reach the elusive Naneinf score."
Mime,Synergies,9,"Steel Joker: Steels are exceptionally strong with Mime, and attaining more Steel cards will also scale this Joker."
Mime,Synergies,10,"Constellation: Blue Seals are retriggered by Mime, creating more planets and scaling this Joker faster."
Mime,Anti-Synergies,0,"Medusa Deck can be difficult to use with Mime due to the Eternal Marble Joker adding more Stones to the deck, making finding cards that Mime works with more difficult."
Mime,Anti-Synergies,1,"Five-Card Draw Deck does not work well with this Joker due to the decreased hand size and banning of hand size-increasing Jokers, though it can still be used with Raised Fist."
Mime,Anti-Synergies,2,"Mime suffers from Jokers that reduce hand size, such as Stuntman and Merry Andy, due to them lowering the number of cards with ""Held in Hand"" abilities able to be active at once."
Mime,Anti-Synergies,3,"Notably, Mime does not affect Blackboard despite its ability having the ""held in hand"" description."
Mime,Anti-Synergies,4,"Golden Ticket encourages the player to play Gold cards instead of keeping them in hand, making Mime weaker."
Misprint,Synergies,0,Blue Deck: +1 hand per round means one more opportunity for Misprint to save the run with a high roll.
Misprint,Synergies,1,"This Joker provides unconditional +Mult, so it works for all played hands. Hands with low Mult at base and low Mult from levelling, such as High Card, Pair, and Two Pair, benefit from +Mult sources more than faster scaling hands such as Straight and Four of a Kind."
Misprint,Synergies,2,"Multiple Misprints, or Misprint copied with Blueprint/Brainstorm: The Mult given by these jokers will be generated independently, which reduces the randomness of the total Mult.Mathematically, this is called a uniform sum distribution or Irwin Hall distribution, see Irwin-Hall Distribution for details."
Misprint,Synergies,3,"Grabber and Nacho Tong each give +1 hand per round, which means one more opportunity for Misprint to save the run with a high roll. This is especially valuable earlier on."
Misprint,Anti-Synergies,0,Painted Deck: This Deck should avoid Misprint outside of absolute emergencies; consistency is the key to making the most out of a Joker roster that is one slot short.
Misprint,Anti-Synergies,1,"Golden Needle Deck makes it very risky to use Misprint because this deck only has 1 hand, which mean scoring too little at any point will lead to game over."
Misprint,Strategy,0,"The average Mult added by Misprint is +11.5 Mult, which is statistically better on paper than other Common +Mult Jokers (Joker, Jolly Joker, Mad Joker, and Droll Joker to name a few). This and the unconditionality of Misprint make it very suitable for the early stage of a run, when the player lacks powerful Jokers and specific gameplay style—for example, it is possible for Misprint to give +23 Mult, which is roughly equivalent to X6.75 Mult even for the high hands (Straight, Flush, or Full House), if the player does not have any other Mult Jokers or hand upgrades."
Misprint,Strategy,1,"However, due to randomness of Misprint, it is hard to rely on it for scoring. In later stages of a run, Misprint is very replaceable in favor of Specialized Additive Mult Jokers, such as Fibonacci or Onyx Agate, or ones capable of very fast scaling, such as Red Card or Spare Trousers, based on the play style of this run."
Misprint,Strategy,2,"Also, in a 'sink or swim' scenario where the player needs a consistent source of scoring, a Joker that provides less +Mult on average but has a lower capacity to low roll may be favorable."
Misprint,Strategy,3,"Both low rolls and high rolls from Misprint can be harmful; a low roll can lead to you not scoring enough to beat a blind, and while a high roll may enable you to beat a blind with fewer hands, it can also hinder scaling hand-based Jokers like Green Joker and Square Joker as a result."
Misprint,Notes,0,"The average Mult added by Misprint is +11.5 Mult, which is statistically better on paper than other Common +Mult Jokers (Joker, Jolly Joker, Mad Joker, and Droll Joker to name a few). This and the unconditionality of Misprint make it very suitable for the early stage of a run, when the player lacks powerful Jokers and specific gameplay style—for example, it is possible for Misprint to give +23 Mult, which is roughly equivalent to X6.75 Mult even for the high hands (Straight, Flush, or Full House), if the player does not have any other Mult Jokers or hand upgrades."
Misprint,Notes,1,"However, due to randomness of Misprint, it is hard to rely on it for scoring. In later stages of a run, Misprint is very replaceable in favor of Specialized Additive Mult Jokers, such as Fibonacci or Onyx Agate, or ones capable of very fast sca"
Mr. Bones,Synergies,0,"Black Deck gives 1 extra Joker slot in exchange for 1 fewer hand, which can be used by Mr. Bones, as 1 less hand makes it harder to get to the required score."
Mr. Bones,Synergies,1,This Joker does not affect any poker hand but may be slightly more useful for certain builds.
Mr. Bones,Synergies,2,"Showman can let the player pick up multiple Mr. Bones, which they would likely need the effects of due to missing 3 scoring Jokers by that point."
Mr. Bones,Synergies,3,"Blueprint and Brainstorm can't copy this Joker, so don't try to get multiple extra lives out of it."
Mr. Bones,Synergies,4,Matador becomes less punishing with Mr. Bones. This can be useful for the player to get a lot of money with little to no consequences.
Mr. Bones,Synergies,5,"Being saved by Mr. Bones will still award the player a win on Ante 8, effectively making this joker divide the final round's chip requirement by 4. Note that being saved by this Joker will not allow it to gain a stake sticker."
Mr. Bones,Anti-Synergies,0,"If Mr. Bones gets debuffed on the final hand of Crimson Heart, it will not save the player."
Mr. Bones,Strategy,0,"Mr. Bones can be useful when the play style of a round is extremely fragile to certain Boss Blinds, for example:"
Mr. Bones,Strategy,1,"With a deck mostly consisting of a certain suit, or with Smeared Joker: The Club, The Goad, The Window, and The Head."
Mr. Bones,Strategy,2,"With a deck mostly consisting of face cards, or with Pareidolia: The Plant, The Mark."
Mr. Bones,Strategy,3,With a high-leveled hand: The Flint.
Mr. Bones,Strategy,4,"Relying on a certain hand type, or with Card Sharp: The Eye and The Arm."
Mr. Bones,Strategy,5,"Relying on using discards to build hands: The Wheel, The Water, Cerulean Bell."
Mr. Bones,Strategy,6,"Relying on combination of all held Jokers: Verdant Leaf, Crimson Heart."
Mr. Bones,Strategy,7,Relying on good economy: The Ox and The Tooth.
Mr. Bones,Strategy,8,"Relying on hands that are hard to play, or with Burglar: The Mouth and The Fish."
Mr. Bones,Strategy,9,"Being relatively weak and relying on multiple hands to defeat blinds: The Needle, The Wall, and Violet Vessel."
Mr. Bones,Strategy,10,With a big hand size: The House.
Mr. Bones,Strategy,11,"In fact, for most runs, players are only vulnerable to 1-2 specific Boss Blinds and one Showdown Blind. In an Ante 8 run, excluding Ante 1 and 2 (at which point a specific gameplay style is unlikely to be formed), the probability of encountering both detrimental Boss Blinds, or a Bo"
Mystic Summit,Synergies,0,"Burglar is a good combination with Mystic Summit, as it trades all discards for +3 hands. This allows Mystic Summit to be in effect as soon as the round starts."
Mystic Summit,Synergies,1,"If the player is able to find Yorick, Mystic Summit is a great choice as both incentivize using all of the player's discards. In addition, Mystic Summit provides + Mult to be boosted by Yorick's X Mult."
Mystic Summit,Anti-Synergies,0,"Mystic Summit has anti-synergy with the Green Deck, since one of the ways to get money with the Green Deck is to retain discards, and Mystic Summit is only effective when all discards are gone."
Mystic Summit,Anti-Synergies,1,"Golden Needle Deck removes $1 for every discard used, which means Mystic Summit costs $6 to activate during this challenge."
Mystic Summit,Anti-Synergies,2,"Five-Card Draw Deck has a hand size of 5, which might force the player to discard a wanted card to activate Mystic Summit."
Mystic Summit,Anti-Synergies,3,"Green Joker and Ramen are likely a bad choice, due to having to spend discards for Mystic Summit. This can be mitigated with Burglar but as this combo requires three Jokers it may be best to ignore it."
Mystic Summit,Anti-Synergies,4,"Any Joker that benefits from retaining discards, such as Banner or Delayed Gratification are not a good combination with Mystic Summit."
Obelisk,Synergies,0,"Red Deck's extra discards, Painted Deck's higher hand size, and Abandoned Deck's smaller deck size all allow the player to find more unique hands, which helps with keeping the X Mult on Obelisk without risking playing the most played hand. Painted Deck also appreciates having such a high-value X Mult Joker."
Obelisk,Synergies,1,Blue Deck's extra hands allow Obelisk to scale faster per round.
Obelisk,Synergies,2,"Checkered Deck makes Flush easier to play, as the deck only has Spades and Hearts. Using this deck allows another option for the most played hand type other than Pair and Two Pair to build around and then pivot out of. It also helps the player after pivoting if the build does not revolve around Flush beforehand, as having another hand type that's easy to hit reduces the chance of resetting Obelisk accidentally."
Obelisk,Synergies,3,"No particular poker hand is better with Obelisk. The Pair or Two Pair strategy mentioned below could be considered a synergy, but the bulk of the game will be spent playing as many different hands as possible to keep options open in the future."
Obelisk,Synergies,4,"Jokers that produce Mult without hand-based conditions are what you always want to use with Obelisk. These can be flat + Mult Jokers, like Fibonacci and Gros Michel, but the most success comes from scaling ones, like Bootstraps, Erosion, Ride the Bus, or Fortune Teller. Having one of these scaling Jokers"
Obelisk,Anti-Synergies,0,"Black Deck, Blast Off Deck, and Golden Needle Deck all have poor synergy with Obelisk due to their reduced number of hands."
Obelisk,Anti-Synergies,1,"Nebula Deck has slight anti-synergy with Obelisk, as Telescope encourages building around a single most-played hand type, which Obelisk discourages."
Obelisk,Anti-Synergies,2,"Burglar removes all discards and may force the most played hand to be played, resetting Obelisk."
Obelisk,Anti-Synergies,3,"All Jokers that rely on playing specific hands, including Superposition, Crazy Joker, and The Order, will not be able to be used as much."
Obelisk,Anti-Synergies,4,"Planet cards and Jokers that upgrade hands, like Space Joker and Burnt Joker, are far less effective because the hand can only be used a limited number of times."
Obelisk,Anti-Synergies,5,"Telescope encourages focusing on a single poker hand, which is the opposite of what Obelisk needs to scale."
Obelisk,Strategy,0,"Obelisk can become a very powerful Scaling X Mult Joker, but it cannot be used in every build. It works best on builds that don't rely on playing specific hands to score, as if too many of any one hand are played, you can no longer play it without resetting the Obelisk."
Obelisk,Strategy,1,"The most effective strategy with Obelisk is to play Pair or Two Pair until around 15 have been played, then pivoting in the later antes to playing any other hand. It is not recommended to use Obelisk if the most played hand is High Card, as the player runs a higher risk of being forced to reset the Obelisk."
Odd Todd,Synergies,0,Red Deck's extra discard makes finding strong hands with many odd ranks easier.
Odd Todd,Synergies,1,"Abandoned Deck works best with Odd Todd thanks to having no face cards, allowing players to find odd ranks easier."
Odd Todd,Synergies,2,"Mad World Deck will also work as well, although this deck doesn't start with any Aces."
Odd Todd,Synergies,3,"Magic Deck's Fool Tarots can be used as Strengths, converting even ranks or Kings into odd ranks."
Odd Todd,Synergies,4,"Plasma Deck can use the large influx of Chips to win a large number of early hands, allowing one to search for better Jokers easier."
Odd Todd,Synergies,5,"Any poker hand can benefit from Odd Todd provided it is comprised of mainly odd cards. Todd works the best with five-card hands that encourage repeating ranks, like Full House and Five of a Kind."
Odd Todd,Synergies,6,"Odd Todd generates +155 Chips when five odd ranks are scored, and more if any of those cards retrigger. This amount of Chips encourages taking more + Mult and X Mult Jokers to balance Chips and Mult. Many of them work well, though notable ones include Fibonacci and Scholar, as both also trigger on certain odd ranks."
Odd Todd,Synergies,7,"Retrigger effects increase the amount of Chips Odd Todd produces. Notably, Hack works very well, as it offers unconditional retriggers on Threes and Fives (which also are triggered by Fibonacci)."
Odd Todd,Synergies,8,Cloud 9 scales its money generation off having more Nines in your deck. These Nines become better to play with Odd Todd's extra chips.
Onyx Agate,Synergies,0,"Playing any Flush-type hand full of Clubs will benefit greatly from Onyx Agate, those being:"
Onyx Agate,Synergies,1,Flush
Onyx Agate,Synergies,2,Straight Flush
Onyx Agate,Synergies,3,Flush House
Onyx Agate,Synergies,4,Flush Five
Onyx Agate,Synergies,5,"Gluttonous Joker also triggers when Club cards are played, though the bonus is strictly inferior."
Onyx Agate,Synergies,6,Smeared Joker allows Spade suit to benefit from Onyx Agate as well.
Onyx Agate,Synergies,7,"In this context, Arrowhead can be a substantial addition as the player will gain both Chips and Mult."
Onyx Agate,Synergies,8,"Blackboard can be an easy addition, as if the player as the deck set up to have a lot of Clubs, Blackboard will benefit too."
Onyx Agate,Synergies,9,"Retrigger Jokers work very well with Onyx Agate, as the extra triggers adds more Mult, on top of other card Enhancements that could benefit scoring power."
Onyx Agate,Synergies,10,"For a Flush build, The Tribe will capitalize on Onyx Agate's Mult bonus."
Onyx Agate,Synergies,11,"Photograph can work reasonably well as long as the face card is placed to the far right, activating its XMult after Onyx Agate's Additive Mult."
Onyx Agate,Synergies,12,"Wilds count as Clubs, which will activate Onyx Agate's Mult bonus."
Onyx Agate,Synergies,13,"As Onyx Agate already provides a hefty Mult bonus, Bonuss fit quite nicely to double as a source of Chips."
Onyx Agate,Synergies,14,"Glasss may be the most potent synergy as it directly synergizes with Onyx Agate's Additive Mult, however, there is always the risk of the Glass breaking."
Onyx Agate,Synergies,15,This could potentially be capitalized on if the player obtains a {
Onyx Agate,Anti-Synergies,0,"The Checkered Deck cannot benefit from Onyx Agate due to lack of Clubs, unless combined with the Smeared Joker."
Onyx Agate,Anti-Synergies,1,"Seeing Double will only activate if a Club and another suit score, rendering it useless for Flush builds which is where Onyx Agate shines best."
Onyx Agate,Anti-Synergies,2,"Although, the bonus may still be activated if a Wild card is used."
Onyx Agate,Anti-Synergies,3,"While Four Fingers can make Flushes easier to play, it enables the player to do so with less overall cards, therefore the scoring power of Onyx Agate is weakened if the player opts for a 4-card Club Flush."
Onyx Agate,Anti-Synergies,4,It may be suitable to hunt for Planet cards and/or scaling Chip Jokers if Four Fingers must remain in conjunction with Onyx Agate.
Onyx Agate,Anti-Synergies,5,"When facing The Club, all Club cards are debuffed, meaning Onyx Agate cannot activate."
Onyx Agate,Anti-Synergies,6,The Pillar may be problematic as previously played Club ca
Onyx Agate,Strategy,0,"Unlike unlocking Arrowhead and Bloodstone, fulfilling the condition of 30 Club cards in a Deck is trickier, as it doesn't allow for an easy strategy such as using the Checkered Deck for the aforementioned Jokers."
Onyx Agate,Strategy,1,"Magic Deck starts the player with two copies of The Fool, allowing for easier Deck manipulation early on by finding The Moon or Death."
Onyx Agate,Strategy,2,"Any Jokers that synergize with Flush builds are likely to be useful during the unlock attempt, such as Droll Joker, Crafty Joker, and The Tribe."
Onyx Agate,Strategy,3,"Economy Jokers are likely to be beneficial to find more Tarots for Deck manipulation, such as Mail-In Rebate and Golden Joker."
Onyx Agate,Strategy,4,Non-club Wilds or Spades cards with Smeared Joker do not count towards Onyx Agate's unlock condition.
Oops! All 6s,Synergies,0,This Joker benefits Jokers that have probability effects:
Oops! All 6s,Synergies,1,8 Ball's effect becomes a 2 in 4 chance to generate a Tarot card when an 8 is scored.
Oops! All 6s,Synergies,2,Space Joker's effect becomes a 2 in 4 chance to upgrade any hand when played.
Oops! All 6s,Synergies,3,Reserved Parking and Business Card become guaranteed to give money on held face cards and scored face cards respectively.
Oops! All 6s,Synergies,4,Hallucination guarantees a tarot card when opening a booster pack.
Oops! All 6s,Synergies,5,Bloodstone becomes guaranteed to apply its multiplier effect.
Oops! All 6s,Synergies,6,"Gros Michel's chance of extinction increases to a 2 in 6 chance, which can speed up the process of having one break to spawn a Cavendish."
Oops! All 6s,Synergies,7,This comes at the downside of an increased risk to lose out on +15 Mult.
Oops! All 6s,Synergies,8,Oops! All 6s can also benefit Jokers that indirectly use probability effects:
Oops! All 6s,Synergies,9,"Lucky Cat can scale faster, as Luckys have an increased chance to trigger."
Oops! All 6s,Synergies,10,"Glass Joker, Canio, and Erosion can scale faster due to the increased chance of Glasss breaking."
Oops! All 6s,Synergies,11,"Oops! All 6s's effect stacks with multiple copies of itself. With two copies of Oops! All 6s, probabilities are effectively quadrupled. For example, The Wheel of Fortune will always trigger, and Glasss will always break when played. Oops! All 6s is incompatible with Blueprint and Brainstorm, but multiple copies can be obtained in normal play"
Oops! All 6s,Anti-Synergies,0,"Painted Deck, Blast Off Deck and Cruelty Deck reduce the amount of Joker Slots, which makes it less convenient to use Oops! All 6s."
Oops! All 6s,Anti-Synergies,1,"Driver's License can suffer slightly from Glass cards' increased chance of destruction, but it also benefits from Lucky Cards increased chance of triggering, especially the Mult chance."
Oops! All 6s,Anti-Synergies,2,Cavendish's chance to destroy itself is doubled to a 2 in 1000 chance.
Oops! All 6s,Anti-Synergies,3,"While the increased chance of Glass breaking is beneficial for deck thinning, it also can pose an issue if they are crucial for survival."
Oops! All 6s,Anti-Synergies,4,"The Wheel will have an increased chance of flipped cards, becoming 2 in 7. With 3 copies of Oops! All 6s, this chance is increased to 8 in 7, causing all playing cards to be drawn face"
Oops! All 6s,Strategy,0,"The Fragile Deck challenge starts the player with two Eternal Negative copies of Eternal Oops! All 6s, while all cards are Glasss."
Pareidolia,Synergies,0,"Black Deck: This deck provides an extra Joker slot, making it easier to work with Pareidolia since it does not directly improve the player's build, without having other face card orientated Jokers to leverage it."
Pareidolia,Synergies,1,Abandoned Deck: Potentially benefits from having Pareidolia by giving access to face card bolstering Jokers.
Pareidolia,Synergies,2,"A larger poker hand is generally more ideal to play, since it can trigger more Jokers that trigger off of face cards, including Four of a Kind, Full House, Flush, etc.."
Pareidolia,Synergies,3,"The type of poker hand it is counted as is unaffected by the played cards counting as ""face cards"", since Pareidolia does not change a rank or suit."
Pareidolia,Synergies,4,"Pareidolia also lets Stones be treated as face cards, thus able to work with effects triggered from face cards."
Pareidolia,Synergies,5,"Because Pareidolia does not change the rank of the card (rather, it just makes all playing cards count as face cards), it does not interfere with the effects of Jokers like Fibonacci which trigger on specific ranks."
Pareidolia,Synergies,6,"Generally, Pareidolia has synergy with any Joker that is triggered from face cards. Some specific Jokers it works well with include:"
Pareidolia,Anti-Synergies,0,"Avoid this Joker on the Painted Deck, Blast Off Deck, and Cruelty Deck, as their inherent reduced Joker slots makes Pareidolia extremely hard to use without going out of your way to hold more Jokers or scale certain poker hands with Planet cards."
Pareidolia,Anti-Synergies,1,Ride the Bus will reset back to +0 Mult on every hand played when Pareidolia is present.
Pareidolia,Anti-Synergies,2,"There is one Boss Blind that weakens Pareidolia-based builds, and another that is extremely run-threatening:"
Pareidolia,Anti-Synergies,3,"The Mark: All cards are drawn face-down, making it far more difficult to assemble a sufficiently-scoring hand. This can be somewhat remedied by carrying Enhancing or Suit-changing Tarot cards into this Boss Blind, allowing a few cards to be identified at a time. Similarly, and more effectively, albeit much rarer, the Ouija and Sigil Spectra"
Pareidolia,Strategy,0,"The Mad World Deck challenge starts the player with an Eternal, Negative copy of Eternal Pareidolia."
Perkeo,Synergies,0,"Having access to many consumables is one of the most important aspects when owning Perkeo, as it grants a wider selection of choices for Perkeo to duplicate, allowing the player to make better decisions depending on what they can get it to copy. Perkeo fits well in any deck, but notable standouts are:"
Perkeo,Synergies,1,"Ghost Deck is undoubtedly the deck that works best with Perkeo, as Spectral cards are, by nature, a huge game-changer due to their drastic effects at various degrees. The ability to buy Spectral cards directly from the Shop can be unfathomably powerful, allowing the player to create copies of powerhouses like Cryptid to duplicate powerful cards, or the likes of Deja Vu and Aura to enhance existing cards in their deck. Without it, the only way to get Spectral cards into the consumable slots to copy will be Séance or Sixth Sense, which is way harder to make use of."
Perkeo,Synergies,2,"Zodiac Deck due to the increased consumable rate in the Shop coming from both the Tarot Merchant and Planet Merchant vouchers, as well as easier access to their upgrades, Tarot Tycoon and Planet Tycoon, and just more shop items in general thanks to the Overstock voucher, and again, easier access to its upgraded version, the Overstock Plus voucher."
Perkeo,Synergies,3,Perkeo can benefit any unlocked poker hand equally. Acquiring the desired poker hand's Planet and keeping it in the consumable slo
Perkeo,Anti-Synergies,0,"Painted Deck can be harder to utilize due to its -1 Joker slot penalty, since Perkeo generally provides no direct benefits for scoring. In most cases this isn't really an issue though, as the benefits that Perkeo provides generally far outweigh the downside."
Perkeo,Anti-Synergies,1,"Madness should not be used, since Perkeo is a Legendary and therefore cannot have an Eternal sticker outside of challenge decks."
Photograph,Synergies,0,"The Ghost Deck can be a good choice since it gives easier access to Deja Vu for Red Seal, and Familiar for more face cards."
Photograph,Synergies,1,"Full House, Two Pair, Straight, and Flush are the best early game, as they give additional opportunity for Enhanced and/or Edition Aces and numbered cards to activate their effects first. Additionally, all of these except Two Pair have relatively high starting raw Mult stats, enabling more benefit from Photograph's xMult early on."
Photograph,Synergies,2,"Straight, Four of a Kind, and Secret Hands are the best late game, as the high base Mult from Saturn, Mars, and the Secret Hand Planet cards far outscale any + Mult effects."
Photograph,Synergies,3,"Hanging Chad: Popularly known together as ""Photochad"", these are one of the most reliable duos in the game, with a powerful early game combo that has the potential to stay relevant in the late game. Due to their low rarity, it makes it easy to create this pair with a low total cost of $9, providing X8 Mult and +20 Chips on their own if the first scored card in a hand is a face card."
Photograph,Synergies,4,"For example: A Flush will score a minimum of 2,528 (Fa 5 4 3 2), a Full House 2,752 (Fa Fa 2 2 2), and a Straight 3,008 (J 10 9 8 7). This means, with a little luck, Ante 2 on any Stake can be cleared in a single hand pe"
Photograph,Anti-Synergies,0,"Abandoned Deck and Medusa Deck should not be used with Photograph, as they have no face cards by default. A possible exception is if Pareidolia is used alongside."
Photograph,Anti-Synergies,1,"Faceless Joker incentivizes discarding face cards, making it harder to preserve one for Photograph."
Photograph,Anti-Synergies,2,"Ride the Bus: As scoring a face card resets it back to +0 Mult, this Joker is unable to use its own effect without decimating many rounds' worth of Additive Mult scaling."
Photograph,Anti-Synergies,3,"Canio encourages the player to destroy face cards, which doesn't work well with Photograph."
Photograph,Anti-Synergies,4,"The Plant debuffs all face cards, rendering Photograph useless."
Photograph,Anti-Synergies,5,"The Mark may be an issue if your poker hand relies on particular ranks, such as Straights."
Popcorn,Synergies,0,"Any deck can benefit from Popcorn. However, Plasma Deck benefits the least due to its balancing feature, where Chips are better than Mult."
Popcorn,Synergies,1,Any poker hand can benefit from Popcorn.
Popcorn,Synergies,2,"Throwback benefits Popcorn the most, as it gets stronger when skipping blinds, allowing Popcorn to stay alive for more rounds."
Popcorn,Strategy,0,The Non-Perishable Deck challenge bans Popcorn.
Raised Fist,Synergies,0,Five-Card Draw Deck's reduced hand size makes it easier to hold only high-ranked cards.
Raised Fist,Synergies,1,High Card and Pair allow playing low-value cards without forcing them to be part of the scoring hand.
Raised Fist,Synergies,2,Baron multiplies the Mult from Raised Fist if the lowest card is positioned to the left of any held Kings.
Raised Fist,Synergies,3,Mime retriggers Raised Fist because its ability activates on cards held in hand.
Raised Fist,Synergies,4,"Stuntman shrinks hand size, making it easier to hold only high-ranked cards, and provides extra Chips to pair with Raised Fist's Mult."
Raised Fist,Synergies,5,Merry Andy also reduces hand size for better card control and offers more discards to remove low-ranked cards.
Raised Fist,Synergies,6,Steels multiplies the Mult from Raised Fist if the lowest card is placed to the left of any Steel cards in hand.
Raised Fist,Synergies,7,"If the lowest-ranked card itself is Steel, the X1.5 Mult multiplier applies first, which actually results in a lower total score."
Raised Fist,Synergies,8,Red Seals will retrigger Raised Fist if it activates on a card with a Red Seal.
Raised Fist,Synergies,9,Strength can be used to raise card ranks.
Raised Fist,Synergies,10,"The Hanged Man can remove lower-ranked cards completely, making higher ranks more likely to appear in hand."
Raised Fist,Synergies,11,Death can transform low-ranked cards into higher ones.
Raised Fist,Synergies,12,"The Chariot can turn some cards into Steel cards, which can multiply Raised Fist's Mult."
Raised Fist,Anti-Synergies,0,Painted Deck's larger hand size can make it difficult to hold only high-ranked cards.
Raised Fist,Anti-Synergies,1,"Five-card hands like Straight and Full House make it harder to control what's left in hand, since no extra non-scoring cards can be included."
Raised Fist,Anti-Synergies,2,"Juggler, Troubadour, and Turtle Bean increase hand size, with which holding only high-ranked cards becomes harder."
Raised Fist,Anti-Synergies,3,"Paint Brush and Palette both increase hand size, which can make holding only high-ranked cards harder."
Raised Fist,Strategy,0,"In case there are multiple lowest-rank card held in hand, Raised Fist triggers on the rightmost card with that rank."
Raised Fist,Strategy,1,"Because the cards held in hand can be moved around before pressing play, any held cards with an X Mult multiplier should be placed to the right of the lowest-ranked card(s) to get the most value. Similarly, if the player holds multiple cards of the lowest rank, and one is debuffed or has a Red Seal, placing the stronger card to the right will yield a better score."
Raised Fist,Strategy,2,Raised Fist provides +0 Mult for debuffed cards.
Raised Fist,Strategy,3,Stones do not have a rank and can never trigger Raised Fist.
Raised Fist,Strategy,4,Raised Fist does not give extra Mult from cards upgraded by Hiker.
Ramen,Synergies,0,Green Deck: Perhaps the most obvious synergy exists with this Deck; conserving discards for money gives a mild source of income to compensate for the extra hands required to capitalize on Ramen's power.
Ramen,Synergies,1,"Blue Deck: The extra hand every round makes it less punishing to play 'throwaway' hands as makeshift discards that also ease a bit of scoring tension, which better preserves this Joker's power."
Ramen,Synergies,2,"Nebula Deck: With Ramen skewed more towards easier-to-find hands in desperate need of scaling, the built-in Telescope Voucher this Deck provides makes it a natural choice."
Ramen,Synergies,3,"All Decks with consistency-based bonuses allow them to form better hands in the absence of discards, which helps make much more out of Ramen than usual. These include the Painted Deck (+2 hand size), the Checkered Deck (only Hearts and Spades), and especially the Abandoned Deck (no face cards), which can very easily leverage the fast scaling of Straights with the Saturn Planet card in tandem with this Joker. Even certain Erratic Deck seeds can lend themselves well to consistently finding high-performing hands."
Ramen,Synergies,4,"This Joker works best with weaker hands that can be more reliably made without discarding (or by using a hand as a makeshift discard), such as High Card, Pair, Two Pair, and Three of a Kind. To that end, this will force the player to become more dependent on Planet card scaling than wit"
Ramen,Anti-Synergies,0,"Red Deck: This Deck has anti-synergy with this Joker, as it encourages the player to discard more to find better hands."
Ramen,Anti-Synergies,1,"Black Deck makes it very difficult to use Ramen, as it suffers from -1 hand per round. This forces more dependency on discards while disallowing liberal use of 'throwaway' hands."
Ramen,Anti-Synergies,2,"Similarly, Blast Off Deck makes it even more difficult to use Ramen, as this deck only has 2 hands. This forces much more dependency on discards while disallowing liberal use of 'throwaway' hands."
Ramen,Anti-Synergies,3,"Golden Needle Deck starts with only one hand and 3 extra discards, which means Ramen will rarely see its full value in this deck."
Ramen,Anti-Synergies,4,"Drunkard and Merry Andy: The extra discards these two provide are almost useless in a Ramen build, except when considering the potential presence of Banner or Delayed Gratification. Using 3 Joker slots for such"
Ramen,Strategy,0,The Non-Perishable Deck challenge bans Ramen.
Red Card,Synergies,0,"Anaglyph Deck can build up many tags, then copy any tag that gives a Mega Booster Pack."
Red Card,Synergies,1,"Green Deck encourages the player to spend money as they earn it, which works well with Red Card."
Red Card,Synergies,2,"In Typecast Deck, after Ante 4, Buffoon Packs will continue to spawn in the shop despite it being impossible to take Jokers from them. Red Card can be used to extract value from what would otherwise be a wasted booster slot."
Red Card,Synergies,3,"Red Card synergizes well with most economy Jokers that provide money, like Business Card or Rocket."
Red Card,Synergies,4,Astronomer can provide free Celestial Packs that can be used to scale.
Red Card,Synergies,5,Hallucination can allow you to still get tarot cards even while skipping packs.
Red Card,Synergies,6,"Clearance Sale and Liquidation lower the price of booster packs, making it easier to purchase and skip more."
Red Card,Synergies,7,"Hieroglyph and Petroglyph send the player back an Ante at the cost of -1 Hand and -1 Discard respectively, allowing them to open more booster packs to skip."
Red Card,Synergies,8,Skipping for these Tags works best when the player is on the Anaglyph Deck or has taken lots of Diet Colas.
Red Card,Synergies,9,"Standard Tag, Charm Tag, Meteor Tag and Buffoon Tag all give access to Mega Booster Packs, which can be used by taking 1 card, then skipping to scale Red Card."
Red Card,Synergies,10,"Ethereal Tag gives access to a Spectral Pack, which can optionally be skipped to scale Red Card."
Red Card,Anti-Synergies,0,"There are a lot of Jokers that, when combined with Red Card, leave the player in a dilemma between whether to scale Red Card or whether to scale the other joker. However, it is worth emphasizing again that skipping a Booster Pack specifically to scale up Red Card (instead of skipping a Booster Pack that already had very little value) might not be a good idea. Moreover, it is debatable whether these are true anti-synergies (rather than complements), since pairing the Red Card with any of these lessens the punishment of opening Booster Packs that don't have what you want:"
Red Card,Anti-Synergies,1,"Jokers that care about Tarot cards, such as Fortune Teller, Driver's License, and Vampire."
Red Card,Anti-Synergies,2,"Jokers such as Steel Joker and Lucky Cat, which care about specific Tarot cards."
Red Card,Anti-Synergies,3,"Jokers that care about Planet cards, such as Constellation and Satellite."
Red Card,Anti-Synergies,4,As for Standard Pack
Red Card,Strategy,0,"When playing with Red Card, it's better not to skip Booster Packs specifically just to scale the Red Card. Opening a Booster Pack is more like rolling for a chance to get a good item — Booster Packs are not guaranteed to provide value, and the player would skip many Booster Packs anyway due to not getting a card that is sufficiently valuable. What Red Card does is that it provides +3 Mult in all of the cases where the player would have skipped anyway, so it is better to think of Red Card as an additional Booster Pack slot and to only skip if none of the options are better than +3 mult."
Red Card,Strategy,1,"For instance, with 9 Planet cards available at the beginning of a run and three of those being visible in a regular Celestial Pack, assuming no Telescope, there is only a 1 in 3 chance for a Celestial Pack to contain the Planet card that one actually wants. The other two-thirds of the time, the player would just skip or take a Planet card of an undesirable hand, gaining little to no value out of it. But with the Red Card, the player would get a minimum of +3 Mult — it might be more reasonable to think of it as a fourth Planet card that gives +3 Mult for every hand (assuming no X Mult triggered on played or held cards)."
Red Card,Strategy,2,"If the player opens a Mega Booster Pack, the player can still use the first card and then skip to scale up Red Card."
Reserved Parking,Synergies,0,Painted Deck's larger hand size potentially allows for Reserved Parking to activate more often.
Reserved Parking,Synergies,1,Blue Deck’s extra hand allows for more hands that can be used to yield money and dig for face cards.
Reserved Parking,Synergies,2,"Mad World Deck starts with an Eternal Pareidolia, which makes it so that all cards are considered face cards, causing Reserved Parking to potentially activate on all cards held in hand."
Reserved Parking,Synergies,3,"Since it's best to keep as many face cards in hand as possible, smaller hands like High Card and Pair work well."
Reserved Parking,Synergies,4,Oops! All 6s guarantees that Reserved Parking will trigger.
Reserved Parking,Synergies,5,"Mime retriggers all card held in abilities, including Reserved Parking’s effect."
Reserved Parking,Synergies,6,"Pareidolia makes it so that all cards are considered face cards, causing Reserved Parking to potentially activate on all cards held in hand."
Reserved Parking,Synergies,7,Shoot the Moon also wants the player to keep face cards (Queen) in hand.
Reserved Parking,Synergies,8,Baron also wants the player to keep face cards (King) in hand.
Reserved Parking,Synergies,9,"Ride the Bus also does not want to play face cards. Note that having these 2 jokers at the same time can be very dangerous, as there's a small chance of drawing a hand of only face cards."
Reserved Parking,Synergies,10,"Juggler and Troubadour increase hand size, allowing the player to hold more cards in hand."
Reserved Parking,Synergies,11,"Burglar gives 3 extra hands, allowing more chances for Reserved Parking to give more money."
Reserved Parking,Anti-Synergies,0,"Abandoned Deck and Medusa Deck start with no face cards, meaning Reserved Parking Joker is useless."
Reserved Parking,Anti-Synergies,1,"Black Deck, Blast Off Deck, and Golden Needle Deck all have fewer hands to be used for yielding money."
Reserved Parking,Anti-Synergies,2,Five-Card Draw Deck does not work well with this Joker due to the decreased hand size and banning of hand size-increasing Jokers.
Reserved Parking,Anti-Synergies,3,"Five-card hands like Flush, Straight or Full House leaves fewer cards held in hand so it doesn't benefit Reserved Parking much."
Reserved Parking,Anti-Synergies,4,"Merry Andy and Stuntman reduce hand sizes, which means the player hold less face cards."
Reserved Parking,Anti-Synergies,5,Faceless Joker encourages discarding lots of face cards.
Reserved Parking,Anti-Synergies,6,Canio encourages destroying face cards.
Reserved Parking,Anti-Synergies,7,"Business Card encourages playing face cards instead, although this could actually be a synergy if the player has a lot of face cards"
Reserved Parking,Strategy,0,"Reserved Parking rolls a 1 in 2 on each face card held in hand, so the expected value per face card per hand is $0.5. Mime and Red Seal will only attempt to retrigger this effect if the initial roll was successful. As a result, one retrigger will raise the expected value to $0.75 per card per hand, and two retriggers raises the expected value to $1."
Reserved Parking,Strategy,1,"If the player also already has another held in hand effect that triggers on every hand, like Baron, Shoot the Moon or Steels, then Mime and Red Seal will always retrigger this effect, and therefore this card. As a result, Reserved Parking can be retriggered even if the initial roll was unsuccessful. In this case, one retrigger raises expected value to $1 per hand, two retriggers raises expected value to $1.5."
Ride the Bus,Synergies,0,"Abandoned Deck and Medusa Deck start with no face cards, so this Joker will almost never reset."
Ride the Bus,Synergies,1,"Blue Deck gives +1 hands every round, allowing for more scaling per round."
Ride the Bus,Synergies,2,"Any hand will work with this Joker. However, the smaller the hand type, the better Ride the Bus is. This makes it ideal for High Card or Pair builds, while Straights and Flushes builds can be more difficult."
Ride the Bus,Synergies,3,"Jokers whose effects trigger based on numbered cards can be more useful, such as Even Steven, Odd Todd, Fibonacci, and Hack."
Ride the Bus,Synergies,4,"Canio scales greatly from destroying face cards, thus both thinning the deck and providing a significant X Mult to complement the additive Mult of Ride the Bus."
Ride the Bus,Synergies,5,"Though, Canio encourages adding face cards to the deck in order to destroy them, which can make it harder to work around Ride the Bus."
Ride the Bus,Synergies,6,"Trading Card can destroy face cards, making it easier for the player to avoid resetting Ride the Bus."
Ride the Bus,Synergies,7,"Burglar adds 3 extra hands and removes all discards, allowing Ride The Bus to scale faster."
Ride the Bus,Synergies,8,"However, missing out on discards can be dangerous, as the player might be forced to reset Ride The Bus. It is especially important to remove face cards from the deck when running Burglar and Ride the Bus."
Ride the Bus,Anti-Synergies,0,"Black Deck, Blast Off Deck, and Golden Needle Deck all have poor synergy with Ride the Bus due to their number of reduced hands."
Ride the Bus,Anti-Synergies,1,"Mad World Deck doesn't work with Ride the Bus, as this Deck starts with an Eternal Pareidolia, which means Ride the Bus will never scale or gain + Mult."
Ride the Bus,Anti-Synergies,2,"X-ray Vision Deck randomly flips cards, which can cause players to accidentally play a face card."
Ride the Bus,Anti-Synergies,3,Pareidolia will ruin Ride the Bus' multiplier as soon as any hand is played.
Ride the Bus,Anti-Synergies,4,Splash can trigger a face card that otherwise would have done nothing.
Ride the Bus,Anti-Synergies,5,"The following Jokers' effects rely on scoring face cards, meaning they cannot be utilized without resetting Ride the Bus."
Ride the Bus,Anti-Synergies,6,Business Card
Ride the Bus,Anti-Synergies,7,Midas Mask
Ride the Bus,Anti-Synergies,8,Photograph
Ride the Bus,Anti-Synergies,9,Scary Face
Ride the Bus,Anti-Synergies,10,Smiley Face
Ride the Bus,Strategy,0,The 15 Minute City Deck challenge starts the player with an Eternal copy of Ride the Bus.
Riff-Raff,Synergies,0,"Black Deck works well with Riff-Raff, as it gives an additional Joker slot at the cost of losing a hand."
Riff-Raff,Synergies,1,"Similarly, Five-Card Draw Deck works even better with Riff-Raff, as it gives two additional Joker slots at the cost of only having a hand size of 5."
Riff-Raff,Synergies,2,"On a Knife's Edge Deck starts with an Eternal, Pinned Ceremonial Dagger, which means Riff-Raff can provide disposable Jokers to feed the Dagger. Make sure to keep a disposable Joker in between them so Riff-Raff can be kept after selecting a blind."
Riff-Raff,Synergies,3,"Since Riff-Raff is a utility Joker, it does not have specific synergy with any hand."
Riff-Raff,Synergies,4,"Ceremonial Dagger: By providing free fodder to feed it, this Joker can scale its +Mult much more reliably."
Riff-Raff,Synergies,5,"Campfire: Similarly, having free Jokers to sell allows Campfire to scale easily."
Riff-Raff,Synergies,6,"Abstract Joker: Riff-Raff ensures the player's Joker slots are filled, so it makes it easy to get +Mult for Abstract Joker."
Riff-Raff,Synergies,7,"Gros Michel: If the player is lucky enough to get this Joker from Riff-Raff, it can be a good way to get the powerful Cavendish later."
Riff-Raff,Synergies,8,"Due to the random nature of Riff-Raff, it has the potential to either have great or poor synergy with the player's other Jokers depending on what Common Jokers it provides."
Riff-Raff,Synergies,9,Purchasing Blank and then Antimatter gives the player an
Riff-Raff,Anti-Synergies,0,"Painted Deck reduces Joker slots by one, making it harder to have extra space for Riff-Raff to spawn Jokers."
Riff-Raff,Anti-Synergies,1,"Similarly, Cruelty Deck reduces Joker slots by two, making it even harder to have extra space for Riff-Raff to spawn Jokers."
Riff-Raff,Anti-Synergies,2,"Non-Perishable Deck makes it very risky to use Riff-Raff, as it spawns Eternal Common Jokers on this deck."
Riff-Raff,Anti-Synergies,3,"Joker Stencil: Since Riff-Raff constantly adds Jokers, it reduces the X Mult it can get."
Riff-Raff,Anti-Synergies,4,"Swashbuckler: Common Jokers generally don't have a high selling value, so they will add less +Mult to Swashbuckler."
Riff-Raff,Anti-Synergies,5,"Baseball Card: This Joker only scales its X Mult from owning Uncommon Jokers, meaning the Jokers provided by Riff-Raff are useless to it."
Riff-Raff,Strategy,0,Notable interactions with other Jokers/game mechanics include:
Riff-Raff,Strategy,1,"Jokers generated by Riff-Raff can potentially come with Editions, including Negative."
Riff-Raff,Strategy,2,"When playing on higher Stakes, Riff-Raff will not create Jokers with in-run Stickers, such as the Rental sticker."
Riff-Raff,Strategy,3,Jokers generated during the Non-Perishable Deck will still receive an Eternal sticker.
Riff-Raff,Strategy,4,Riff-Raff is able to spawn Cavendish as long as Gros Michel went extinct (destroyed itself) earlier in the run.
Riff-Raff,Strategy,5,Riff-Raff can create Jokers that are undiscovered in the player's collection.
Riff-Raff,Strategy,6,"When the player possesses Showman, Riff-Raff can create a second Riff-Raff."
Riff-Raff,Strategy,7,"If all Joker slots are currently filled when the Blind is selected, and then Ceremonial Dagger consumes a Joker, Riff-Raff will create another Joker, as long as it's on the right of Ceremonial Dagger."
Riff-Raff,Strategy,8,"If all Joker slots are currently filled when the Blind is selected, and either Ceremonial Dagger or Madness destroys a Negative Joker, Riff-Raff will be able to create a non-Negative Joker. This is similar to selling a Negative Invisible Joker, which leads to a -1 Joker Slot situation."
Rocket,Synergies,0,Bootstraps increases its Mult provided as players have more money.
Rocket,Synergies,1,Bull increases its Chips provided as players have more money.
Rocket,Anti-Synergies,0,Painted Deck and Cruelty Deck: The reduced Joker slots makes it difficult to carry Rocket since players may need more scoring Jokers to survive and beat Ante 8.
Rocket,Anti-Synergies,1,"Anaglyph Deck: As the player ideally wants to avoid skipping to make use of Rocket's payout at the end of the round, this Deck has a slight anti-synergy with it."
Rocket,Anti-Synergies,2,"Throwback: Skipping Blinds is less than ideal for most Economy Jokers, to which Rocket is no exception."
Rocket,Anti-Synergies,3,"If Crimson Heart disables Rocket upon playing a winning hand, it will not gain $2 nor any accumulated money upon cashing out."
Rocket,Strategy,0,The increment for defeating a Boss Blind is added before it pays out for the end of that round.
Rocket,Strategy,1,The Omelette Deck challenge bans Rocket.
Rocket,Strategy,2,The Blast Off Deck challenge starts the player with an Eternal copy of Rocket.
Rough Gem,Synergies,0,"Any Flush-type hand with Diamonds benefits from Rough Gem, those being:"
Rough Gem,Synergies,1,Flush
Rough Gem,Synergies,2,Straight Flush
Rough Gem,Synergies,3,Flush House
Rough Gem,Synergies,4,Flush Five
Rough Gem,Synergies,5,"Greedy Joker provides a small boost in Mult for scoring Diamond cards, which may be useful as Rough Gem does not directly increase scoring power."
Rough Gem,Synergies,6,Bull and Bootstraps directly benefit as they gain scoring power based on the player's current Money.
Rough Gem,Synergies,7,Jokers that require a steady Economy to scale efficiently such as Flash Card and Red Card also benefit substantially.
Rough Gem,Synergies,8,"As Rough Gem produces money mid-round, it works very well with To the Moon, as the money produced counts towards interest earned at the end of the round."
Rough Gem,Synergies,9,Any Retrigger Joker will synergize with Rough Gem as it allows the player to earn more Money.
Rough Gem,Synergies,10,"Dusk, Hack, Seltzer, Sock and Buskin, or Hanging Chad."
Rough Gem,Synergies,11,"Smeared Joker allows all Hearts cards to count as Diamonds for scoring, letting Rough Gem work on more cards."
Rough Gem,Synergies,12,"Lusty Joker and Bloodstone may be useful in this context, as Rough Gem does not provide direct scoring power."
Rough Gem,Synergies,13,"Splash can occasionally be useful, as the scoring of an additional Diamond that wouldn't otherwise score is extra Money."
Rough Gem,Synergies,14,"However, the player ideally would be playing Flushes, which Splash is useless for."
Rough Gem,Synergies,15,The Star can turn some non-Diamond cards into Diamond cards allowing the pla
Rough Gem,Anti-Synergies,0,Checkered Deck cannot benefit from Rough Gem without adding Diamonds to the deck.
Rough Gem,Anti-Synergies,1,"While Four Fingers can make Flushes easier to play, it enables the player to do so with less overall cards, therefore Rough Gem will generate less money if the player opts for a 4-card Diamond Flush."
Rough Gem,Anti-Synergies,2,It may be suitable to hunt for Planet cards and/or scaling Mult Jokers if Four Fingers must remain in conjunction with Rough Gem.
Rough Gem,Anti-Synergies,3,"The Window will debuff all Diamond cards, meaning Rough Gem cannot give any Money."
Rough Gem,Anti-Synergies,4,"The Pillar can be detrimental as previously played Diamond cards will not be able to score, earning no Money."
Rough Gem,Strategy,0,"Unlike unlocking Arrowhead and Bloodstone, fulfilling the condition of 30 Diamond cards in a Deck is trickier, as it doesn't allow for an easy strategy such as using the Checkered Deck for the aforementioned Jokers."
Rough Gem,Strategy,1,"Magic Deck starts the player with two copies of The Fool, allowing for easier Deck manipulation early on by finding The Star or Death."
Rough Gem,Strategy,2,"Any Jokers that synergize with Flush builds are likely to be useful during the unlock attempt, such as Droll Joker, Crafty Joker, and The Tribe."
Rough Gem,Strategy,3,"Economy Jokers are likely to be beneficial to find more Tarots for Deck manipulation, such as Mail-In Rebate and Golden Joker."
Rough Gem,Strategy,4,"While Smeared Joker allows Heart cards to count as Diamonds for the purpose of scoring, those cards do not count as Diamonds for the purpose of unlocking the joker."
Rough Gem,Strategy,5,This also applies to non-diamond Wilds.
Runner,Synergies,0,"Abandoned Deck and Mad World Deck both have fewer cards than the standard Deck, making it easier to locate specific cards for Straights."
Runner,Synergies,1,"Painted Deck with its increased Hand Size, can make Straights easier to form with more cards held in hand."
Runner,Synergies,2,"Plasma Deck significantly benefits from early Chips value. This makes Runner an easy choice for the early to mid game, although it can be carried into late game if the player builds around Straights."
Runner,Synergies,3,"15 Minute City Deck starts with an Eternal Shortcut, which allows Straights to be made with gaps in them, making it easier to get that hand."
Runner,Synergies,4,"Straight, Straight Flush, and Royal Flush are recommended to scale Runner consistently."
Runner,Synergies,5,"Shortcut allows Straights to be made with gaps in them, making it easier to get that hand."
Runner,Synergies,6,"Four Fingers allows Straights to be scored with only four cards instead of the usual five, making it easier to get that hand."
Runner,Synergies,7,"The Order will give X3 Mult as long as the played hand contains a Straight, making it a strong partner with Runner for both scaling Chips and XMult."
Runner,Synergies,8,"Crazy Joker gives +12 Mult on Straights, being especially useful to increase Mult during the early game."
Runner,Synergies,9,"Grabber and Nacho Tong give additional hands, allowing Runner to scale faster."
Runner,Synergies,10,Wasteful and Recyclomancy give additional discards
Runner,Anti-Synergies,0,"Black Deck, Blast Off Deck, and Golden Needle Deck all have poor synergy with Runner due to their reduced number of hands."
Runner,Anti-Synergies,1,Erratic Deck can make it difficult to use Runner as the randomized rank and suit makes it harder to form Straights.
Runner,Anti-Synergies,2,Five-Card Draw Deck's -3 hand size makes it extremely hard to assemble Straights.
Runner,Anti-Synergies,3,"Jokers that reduce hand size, like Stuntman and Merry Andy, have anti-synergy with Runner, as a smaller hand size makes it harder to assemble Straights."
Runner,Anti-Synergies,4,"Ectoplasm and Ouija have anti-synergy with Runner, as a smaller hand size makes it harder to assemble Straights. Not only that, but Ouija converts all cards held in hand into one single rank, which makes assembling Straights less consistent."
Runner,Anti-Synergies,5,The Manacle's -1 han
Satellite,Synergies,0,Checkered Deck works well with Satellite as it requires fewer Deck modifications to unlock the secret Poker hands.
Satellite,Synergies,1,Erratic Deck may require no Deck modifications at all to unlock the secret Poker hands.
Satellite,Synergies,2,"Playing the three secret hands (Flush House, Five of a Kind and Flush Five) to unlock their planets allows players to maximize this Joker's value."
Satellite,Synergies,3,"Since Satellite is maximized through the use of Planet cards, it synergizes with Constellation, which gains X0.1 Mult per planet card used."
Satellite,Synergies,4,"Satellite benefits from Astronomer, which makes planet cards and Celestial booster packs free."
Satellite,Synergies,5,"Smeared Joker can make it much easier to unlock the secret hands, thereby maximizing Satellite's value."
Satellite,Synergies,6,"The High Priestess can potentially spawn Planet cards not yet used by the player if found early, boosting Satellite."
Satellite,Synergies,7,"Planet Merchant and Planet Tycoon increase the frequency of planet cards in the shop, making it easier to find different planet cards."
Satellite,Anti-Synergies,0,"Showman can have anti-synergy with Satellite, since it will allow duplicate planet cards to appear, and Satellite requires unique planet cards."
Satellite,Anti-Synergies,1,"Telescope can make it harder to achieve max rewards with Satellite, as it lends itself to the same planet card repeating."
Satellite,Anti-Synergies,2,This innately applies to the Nebula Deck as it starts with the Telescope Voucher.
Satellite,Strategy,0,"Without a steady Economy, unlocking Satellite may prove to be a difficult task."
Satellite,Strategy,1,"The Yellow Deck is a decent choice for the run to unlock Satellite as it starts the player with an extra $10, earning the player Interest from defeating the first Blind of the run, and setting up for further Economic gain."
Satellite,Strategy,2,"Economy Jokers such as Golden Joker, Mail-In Rebate, etc. are directly helpful in reaching the unlock condition."
Satellite,Strategy,3,"The Bull and Bootstraps Jokers both gain scoring power relative to the player's Money, which would be useful to have in a run that attempts to unlock Satellite as hoarding Money to reach $400 will also give it scoring power."
Satellite,Strategy,4,"Egg and Gift Card add sell value, making it possible to hold onto the Egg or a useless Joker/Consumable to sell later for a substantial boost in Money."
Satellite,Strategy,5,"Swashbuckler would quantify the sell value into Mult, which may help the player continue the run."
Satellite,Strategy,6,"To the Moon, Seed Money, and Money Tree allow the player to earn more Interest, which may contribute to reaching the unlock condition faster."
Satellite,Strategy,7,"All 3 of these combined allow for the player to earn a maximum of $40 from Interest alone, merely one-tenth of the required amount."
Satellite,Strategy,8,The Omelette Deck challenge bans Satellite.
Scary Face,Synergies,0,Red Deck’s extra discard can be used to dig for more face cards in the player’s deck.
Scary Face,Synergies,1,"Painted Deck has a larger hand size, allowing for more face cards to appear. However, the -1 Joker slot means Scary Face may not be as viable as some other options."
Scary Face,Synergies,2,"Plasma Deck can use the large influx of Chips to win a large number of early hands, allowing one to search for better Jokers easier."
Scary Face,Synergies,3,"Mad World Deck starts with an Eternal Pareidolia, which causes Scary Face to trigger on all played cards."
Scary Face,Synergies,4,"Scary Face requires face cards (King, Queen, and Jack) to trigger, so hands with more face cards in them will allow Scary Face to award more Chips. For example, a Full House consisting of K K K Q Q will trigger Scary Face five times."
Scary Face,Synergies,5,"If the first card of the hand is a face card, Hanging Chad will cause Scary Face to trigger thrice, giving +90 Chips."
Scary Face,Synergies,6,"Pareidolia causes Scary Face to trigger on all played cards, effectively making every card a Bonus."
Scary Face,Synergies,7,Sock and Buskin will add an additional +30 Chips per face card scored.
Scary Face,Synergies,8,Triboulet provides a Mult multiplier for each played King or Queen.
Scary Face,Synergies,9,Business Card gives each face card played a 50% chance to provide $2 when scored.
Scary Face,Synergies,10,Smiley Face provides additional Mult for each face card played.
Scary Face,Synergies,11,Splash allows non-scoring cards to trigger Scary Face (by maki
Scary Face,Anti-Synergies,0,Abandoned Deck and Medusa Deck are not recommended due to lack of face cards.
Scary Face,Anti-Synergies,1,"Baron, Shoot the Moon, Hit the Road and Reserved Parking encourage not playing face cards."
Scary Face,Anti-Synergies,2,Ride the Bus actively punishes playing face cards.
Scary Face,Anti-Synergies,3,"Canio's ability activates only upon destroying face cards, resulting in fewer cards able to trigger Scary Face."
Scary Face,Anti-Synergies,4,"The Plant will debuff all face cards, meaning Scary Face Joker cannot trigger."
Scholar,Synergies,0,Abandoned Deck can reliably find Aces more often than the typical 52-card decks.
Scholar,Synergies,1,"Red Deck gives +1 discard, allowing for more opportunities to dig for Aces."
Scholar,Synergies,2,Pair of Aces
Scholar,Synergies,3,Three of a Kind with Aces
Scholar,Synergies,4,Four of a Kind with Aces
Scholar,Synergies,5,Five of a Kind with Aces
Scholar,Synergies,6,Flush Five with Aces
Scholar,Synergies,7,Straight or Straight Flush with 5-4-3-2-A or A-K-Q-J-10
Scholar,Synergies,8,Full House with 2 or 3 Aces
Scholar,Synergies,9,Flush House with 2 or 3 Aces
Scholar,Synergies,10,"In general, the more Aces you play in a hand, the more valuable Scholar will be."
Scholar,Synergies,11,Fibonacci gives you +8 Mult per Ace.
Scholar,Synergies,12,Odd Todd adds +31 Chips per Ace.
Scholar,Synergies,13,"Aces do not have a retrigger Joker associated with their rank. However, Hanging Chad, Dusk and Seltzer (and Sock and Buskin if Pareidolia is owned) can still be used to trigger Aces multiple times."
Scholar,Synergies,14,DNA can copy an Ace every first hand.
Scholar,Synergies,15,Superposition creates a Tarot card if the played hand is a Straight which contains an Ace.
Scholar,Synergies,16,"Trading Card can help thin the deck out, so you can draw Aces more reliably."
Scholar,Synergies,17,"Any jokers requiring multiples of the same rank cards like The Trio, Zany Joker, etc.."
Scholar,Synergies,18,Tarot cards:
Scholar,Synergies,19,The Hanged Man can be used to thin out the deck and make Aces easier to find.
Scholar,Synergies,20,Death can be used to turn other cards into Aces.
Scholar,Synergies,21,Strength can be used to upgrade Kings into Aces.
Scholar,Anti-Synergies,0,"15 Minute City Deck and Mad World Deck are not recommended, as these decks don't contain any Aces by default."
Seeing Double,Synergies,0,"Erratic Deck may start with more Clubs than a standard deck, and allows for more X of a Kind, like Pair or Three of a Kind, to be played, which could activate Seeing Double's condition more easily."
Seeing Double,Synergies,1,"Straight and Full House both generate X2 Mult a large majority of the time, making Seeing Double great for those strategies."
Seeing Double,Synergies,2,Smeared Joker means Clubs can also count as Spades and vice-versa. This means that playing any hand (even High Card) containing a Club or Spade will trigger Seeing Double.
Seeing Double,Synergies,3,This interaction is a bug. This interaction doesn't apply if the card is Wild.
Seeing Double,Synergies,4,Splash allows triggering the bonus by adding an extra card that would otherwise be ineligible for scoring; e.g. ♣️A ♣️A ♣️A ♣️A ♥️4.
Seeing Double,Synergies,5,"Almost any hand that triggers Flower Pot will also trigger Seeing Double, providing a total of X6 Mult."
Seeing Double,Synergies,6,"If some cards are debuffed, Flower Pot may trigger without Seeing Double, as Seeing Double requires at least 1 non debuffed Clubs and at least 1 non debuffed non Clubs, while Flower Pot still counts debuffed cards."
Seeing Double,Synergies,7,"Wilds can count as either the Club or the non-Club, but not both. Generally this means adding any second scoring card (including a second Wild card) will trigger the bonus, though Stones will not qualify, h"
Seeing Double,Anti-Synergies,0,"Checkered Deck makes it significantly harder to activate Seeing Double, as it contains no Club cards naturally."
Seeing Double,Anti-Synergies,1,"Flush-based hands are hard to use, requiring a Wild, Smeared Joker or an off-suit card via Four Fingers and Splash."
Seeing Double,Anti-Synergies,2,"The Club renders Seeing Double useless, as all Club cards are debuffed and debuffed Club cards will not trigger Seeing Double."
Seeing Double,Anti-Synergies,3,"The Pillar can make Seeing Double difficult to trigger if players already played some Club cards in the previous round, making them debuffed upon facing this boss blind. This can be remedied by carrying Tarot cards that provide enhancements into the boss blind to ""revive"" debuffed Club cards."
Seeing Double,Strategy,0,"Unlocking Seeing Double may prove to be challenging at first due to its condition being oddly specific towards a specific rank and suit. In particular, there are no Jokers that directly have synergies with 7s, the sole exception being Odd Todd. Here are some approaches that can help with unlocking Seeing Double:"
Seeing Double,Strategy,1,"Magic Deck starts with two copies of The Fool, allowing the player to copy Tarots to make more 7 of Clubs, such as Death, The Moon, Strength, or even The Lovers."
Seeing Double,Strategy,2,Erratic Deck can generate with more 7 of Clubs from the start.
Seeing Double,Strategy,3,Wild of any suit and 7s of Spades with Smeared Joker can also be used.
Seltzer,Synergies,0,Zodiac Deck is helpful for finding tarot cards to make the enhanced cards that make Seltzer work effectively.
Seltzer,Synergies,1,"Red Deck is able to find better hands on average, so Seltzer will last longer, as less hands need to be played per round."
Seltzer,Synergies,2,"Black Deck is able to stack more Jokers that benefit from Seltzer's effect. Adding even a single X Mult Joker like Ancient Joker can be an extra X7.5 Mult normally, but with Seltzer it becomes an extra X57 Mult."
Seltzer,Synergies,3,"Plasma Deck gains a huge boost from stacking X Mult modifiers, which Seltzer enables very well."
Seltzer,Synergies,4,"Any 5-card hands like Flush, Straight, or Full House will provide more retriggers from Seltzer. In particular, Flush Fives, with five of the same very strong duplicated card, work very well."
Seltzer,Synergies,5,"Any Joker that triggers on scoring will have its effect doubled, for instance Scary Face for Chips, Fibonacci for +Mult, The Idol for X Mult, or Rough Gem for money."
Seltzer,Synergies,6,"Jokers that scale based on cards played, like Lucky Cat and Hiker, work very well with Seltzer, as the cards they scale with will always retrigger, and the scaling will remain after Seltzer is consumed."
Seltzer,Synergies,7,"Jokers like 8 Ball (in particular, due to its on scoring nature) and Cartomancer can provide frequent Tarot cards to buff up playing cards."
Seltzer,Synergies,8,"Throwback rewards you for skipping blinds, making Seltze"
Seltzer,Anti-Synergies,0,Copying cards with DNA will quickly use up Seltzer's retriggers.
Seltzer,Anti-Synergies,1,"Similarly, destroying 6s with Sixth Sense will also quickly use up Seltzer's retriggers."
Seltzer,Anti-Synergies,2,"Jokers that incentivize playing many hands per round, such as Green Joker or Vagabond, will similarly cause Seltzer to be spent quickly."
Seltzer,Anti-Synergies,3,"Using Burglar does not always guarantee winning in one hand, so the player will have to play hands as pseudo-discards, which will quickly deplete Seltzer."
Seltzer,Anti-Synergies,4,"If a hand that is not allowed is played during The Psychic, The Mouth or The Eye, Seltzer will still lose a retrigger."
Seltzer,Strategy,0,"In a build with many enhanced cards, Seltzer can be a powerful joker, especially in the late game. Due to Seltzer's limited lifespan, it is often used to get the highest scoring single hand possible in endless mode."
Shoot the Moon,Synergies,0,"The Painted Deck has a larger hand size, making this Joker easier to use."
Shoot the Moon,Synergies,1,All hands that do not use Queens benefit from this Joker.
Shoot the Moon,Synergies,2,"In decks with a hand limit of 8 or less, hands that require 5 cards make this Joker more difficult to use. Conversely, smaller hands, such as High Card, can use this Joker effectively every hand."
Shoot the Moon,Synergies,3,"This Joker may not be good when trying to make Straights, as the Straight cannot exceed a Jack unless Shortcut is in use."
Shoot the Moon,Synergies,4,Mime doubles the trigger of this Joker's effect.
Shoot the Moon,Synergies,5,"Midas Mask can add a buff to played Queens, providing an additional benefit thereafter when Queens are held in hand."
Shoot the Moon,Synergies,6,Reserved Parking provides cash when face cards are held in hand.
Shoot the Moon,Synergies,7,"Baron increases the amount of Mult gained by X1.5 Mult per held King, which can ride off of Shoot the Moon's Additive Mult for additional value. Shoot the Moon can also be used as a stepping stone for strengthening Queens to Kings for a Baron build."
Shoot the Moon,Synergies,8,"As previously mentioned, the player must physically move the Kings to the right of the Queens for maximum scoring value."
Shoot the Moon,Synergies,9,"Trading Card can remove non-Queen cards, allowing you to see and hold Queens easier."
Shoot the Moon,Synergies,10,Death and Strength can turn some cards into Queens.
Shoot the Moon,Synergies,11,"The Hanged Man can remove non-Queen cards, allowing you to see and hold Queens easier."
Shoot the Moon,Synergies,12,"The Chariot can turn some cards into Steel cards,"
Shoot the Moon,Anti-Synergies,0,"Abandoned Deck, Mad World Deck, and Medusa Deck can be difficult to use, as they naturally contain no Queens."
Shoot the Moon,Anti-Synergies,1,Five-Card Draw Deck does not work well with this Joker due to the decreased hand size and banning of hand size-increasing Jokers.
Shoot the Moon,Anti-Synergies,2,"Jokers that reduce hand size, like Stuntman and Merry Andy, will make the player hold fewer Queens."
Shoot the Moon,Anti-Synergies,3,"The Hook discards 2 random cards after playing a hand, which may render Shoot the Moon useless if the Queens were discarded."
Shoot the Moon,Anti-Synergies,4,"The Plant debuffs all face cards, rendering Queens useless for the round."
Shoot the Moon,Anti-Synergies,5,"The Mark draws all face cards face down, which makes the player unable to tell which card is a Queen."
Shoot the Moon,Anti-Synergies,6,Cerulean Bell may force a Queen to be played or discarded.
Shoot the Moon,Anti-Synergies,7,"Verdant Leaf debuffs all cards, including Queens, until a Joker is sold."
Shoot the Moon,Strategy,0,"If the player has any cards in hand that give X1.5 Mult, either Steels or owning a Baron, it is ideal to manually drag the Queens to the far left so as to make Shoot the Moon's +Mult trigger before the X Mult, maximizing the scoring power for the poker hand played. The reason for this is that any held-in-hand abilities are triggered from left to right. Therefore, placing any card far left will prioritize that specific held-in-hand effect. However, when enhancing a Queen itself to be a Steel card, the X Mult will always apply before Shoot the Moon's +Mult."
Shoot the Moon,Strategy,1,"The unlock requirement for Shoot the Moon does not necessarily mean to play one card of each rank with the Heart suit, so having just one Heart card in the deck and playing it will unlock Shoot the Moon. A suitable strategy to unlock it is with an Erratic Deck configuration with few Hearts, or Abandoned Deck, since it only has 10 Heart cards. Conversely, it is harder to unlock on Checkered Deck due to the big amount of Heart cards."
Shortcut,Synergies,0,Black Deck: The +1 Joker Slot allows Shortcut to function as a utility Joker while still providing space for 5 other Jokers to score.
Shortcut,Synergies,1,"Abandoned Deck lowers the range of card values from A-K to A-10, making it significantly more likely to draw a Straight, especially with Shortcut."
Shortcut,Synergies,2,Checkered Deck in tandem with Shortcut increases the likelihood of finding a playable Straight Flush.
Shortcut,Synergies,3,Straight
Shortcut,Synergies,4,Straight Flush (or Royal Flush)
Shortcut,Synergies,5,"Four Fingers is a great combination with Shortcut, as this allows for a 4-length Straight with gaps, and Straight Flushes become even easier to make since the Straight and Flush don't need to be on the same 4 cards. (e.g. Q♠️ J♠️ 9♥️ 7♠️ 3♠️ is a valid Straight Flush with both Jokers in effect)"
Shortcut,Synergies,6,Crazy Joker and The Order give additive and multiplicative Mult respectively when a Straight is played.
Shortcut,Synergies,7,Devious Joker and Runner both give Chips when a Straight is played.
Shortcut,Synergies,8,Superposition and Séance create Consumables when a Straight or Straight Flush is played.
Shortcut,Synergies,9,"Space Joker and Burnt Joker appreciate Shortcut’s effect allowing for multiple straights to be formed in one round, and can make use of Straights having incredibly strong Planet scaling."
Shortcut,Synergies,10,Obtaining Saturn from cards with a Blue Seal becomes much easier due to the decreased difficulty of forming a straight allowing more discards t
Shortcut,Strategy,0,"Mathematically, Shortcut is slightly better than Four Fingers in creating Straights.[https://www.reddit.com/r/balatro/comments/1b68mpp/statistical_analysis_of_the_four_fingers_and/ Statistical Analysis of the ""Four Fingers"" and ""Shortcut"" Jokers for Straights], a Reddit post However, Four Fingers is better at helping create Flushes and Straight Flushes. The player can consider choosing between the two, or combining the two to gain more Straights (in which case, Straights are almost always present in the 8 cards), but at the risk of losing two scoring Jokers."
Showman,Synergies,0,"Showman is effective with any deck, but is particularly strong on Black Deck due to the +1 Joker slot bonus."
Showman,Synergies,1,"Showman has no direct effect on any specific poker hands. It does, however, make Celestial Packs less reliable, as its effect allows them to give duplicate planets. This decreases the chances of a Celestial Pack containing your desired Planet card, as well as preventing Planet Blocking (holding useless Planets in your consumable slots so they can't appear elsewhere) impossible."
Showman,Synergies,2,"Showman has no direct Joker synergies. However, its main benefit lies in it being one of very few ways to obtain multiple copies of the same Joker."
Showman,Synergies,3,"Cavendish is a powerful common Joker, making it likely to appear again before ante 8."
Showman,Synergies,4,"Photograph and Hanging Chad have notable synergy and are also common Jokers, making them appear more often."
Showman,Synergies,5,Blueprint and Brainstorm are strong in long endless runs.
Showman,Synergies,6,The Idol is also powerful in endless runs.
Showman,Synergies,7,"Because it allows for duplicated Planet cards to appear, Showman synergizes with the Observatory by allowing for planet cards to appear in the shop whilst they are in the consumable space. However, this is easier achieved with Blue Seal."
Showman,Synergies,8,"Showman can also create problems when Telescope is not yet redeemed, as Celestial Packs will often contain multiple copies of irrelevant planet cards."
Showman,Strategy,0,Showman can make The Emperor and Riff-Raff generate themselves.
Showman,Strategy,1,"Although the probability is extremely low, Showman can even make multiple copies of The Soul or Black Hole appear in Booster Packs."
Showman,Strategy,2,"If the player has Showman and finds a duplicate of any of their Jokers in the shop, if they sell that Joker and replace it with the shop duplicate, (as they might do if it has a better Edition) that Joker will be able to appear as a duplicate again even if the Showman is sold."
Sixth Sense,Synergies,0,Red Deck gives +1 Discard which makes it easier to find a 6.
Sixth Sense,Synergies,1,"Blue Deck gives +1 Hand which allows the player more freedom to utilize Sixth Sense, as there are more remaining Hands to defeat the Blind."
Sixth Sense,Synergies,2,Abandoned Deck and Mad World Deck increase the chance to draw a 6 as they have less overall cards.
Sixth Sense,Synergies,3,"Painted Deck gives +2 hand size, making it easier to find 6s. However, the -1 joker slot makes Sixth Sense riskier to use."
Sixth Sense,Synergies,4,High Card is the only poker hand directly relevant to Sixth Sense.
Sixth Sense,Synergies,5,Perkeo can copy any Spectral card created by Sixth Sense.
Sixth Sense,Synergies,6,"DNA can create copies of playing cards, allowing the player to infinitely farm Spectral cards as long as the Deck contains at least one 6. The order of the two makes no difference—If DNA is on the right, the 6 will still be replicated after being destroyed."
Sixth Sense,Synergies,7,Erosion will also scale after Sixth Sense destroys 6s.
Sixth Sense,Synergies,8,"Drunkard and Merry Andy both give extra discards, which makes it easier to find a 6. While Merry Andy reduces hand size, which normally makes 6s harder to find, the extra discards will make that punishment pretty much meaningless, as long as the player does not reduce their hand size much lower."
Sixth Sense,Synergies,9,"Juggler increases hand size and makes it easier to find a 6 to play. Troubadour and Turtle Bean can be used too, but Troubadour removes a hand, which makes it more punishing to use Sixth Sense, and Turtle Bean"
Sixth Sense,Anti-Synergies,0,"Black Deck, Blast Off Deck, and Golden Needle Deck all reduce the number of hands to play, which can discourage using Sixth Sense while a player's hands aren't strong enough."
Sixth Sense,Anti-Synergies,1,"Nebula Deck only starts with one Consumable Slot, which makes it harder to hold onto Sixth Sense's Spectral cards."
Sixth Sense,Anti-Synergies,2,"Obtaining a second copy of Sixth Sense does not stack with itself, creating only 1 Spectral card when destroying 6s."
Sixth Sense,Anti-Synergies,3,"While Burglar gives more hands to play with, it also removes all discards. If the first hand of the round does not contain a 6, Sixth Sense will miss its effect."
Sixth Sense,Anti-Synergies,4,"Stuntman reduces hand size, which makes it harder to find a 6."
Sixth Sense,Anti-Synergies,5,"The Psychic forces the player to play a 5-card hand, meaning Sixth Sense cannot activate."
Sixth Sense,Anti-Synergies,6,"The Needle sets the player's hands to 1. Therefore, to still benefit fr"
Sixth Sense,Strategy,0,"As Sixth Sense requires having 6s in the deck to activate, it has limited use as the player will likely destroy all 6s in the Deck before reaching Ante 8. However, this is usually ideal, as 6s do not have any particularly strong synergies with other Jokers, and the Spectral card given may help further enhance the player's deck and hasten the Deck manipulation process. In general, Spectral cards to look out for are:"
Sixth Sense,Strategy,1,Any of the Seal-adding cards.
Sixth Sense,Strategy,2,"Deja Vu, Trance, Medium, and Talisman."
Sixth Sense,Strategy,3,Aura for farming the Polychrome Edition.
Sixth Sense,Strategy,4,"Cryptid to make copies of a useful card, which can be used in conjunction with the above Spectral cards."
Sixth Sense,Strategy,5,Immolate to further hasten Deck manipulation and for a boost in Money.
Sixth Sense,Strategy,6,Ectoplasm for when the player has their final Joker lineup.
Sixth Sense,Strategy,7,"Any other Spectral card is still worth keeping so as to prevent it from appearing in the shop, either from a Spectral Pack or from playing on the Ghost Deck, as they are either too niche or hard to make use of."
Sixth Sense,Strategy,8,"When using Sixth Sense, it can be worth opening Standard Packs to directly add 6s for later destruction; while this usually isn't as good as opening a Spectral Pack directly, Standard Packs are much more common than Spectral Packs, and Spectral cards can be quite impactful. Additionally, Sixth Sense makes it more reasonable to fish for specific or highly-upgraded car"
Sly Joker,Synergies,0,"The Abandoned Deck and Mad World Deck, having fewer total cards in the deck, gives a higher chance of drawing a pair."
Sly Joker,Synergies,1,The Erratic Deck will have cards of a certain rank appear more than others.
Sly Joker,Synergies,2,"Plasma Deck benefits from the large amount of chips, which, when balanced, greatly boost the score for the played hand."
Sly Joker,Synergies,3,"Sly Joker triggers whenever there are two duplicate scoring cards, regardless of whether the hand itself is a ""Pair"". This means you can trigger Sly Joker if you play a Flush that contains two of the same card."
Sly Joker,Synergies,4,"In an unmodified deck, Sly Joker triggers off of every hand in the game except for High Card, Flush, Straight, or Straight Flush."
Sly Joker,Synergies,5,"Jolly Joker and The Duo pair well with this, as both will trigger on the same activation as this joker."
Smeared Joker,Synergies,0,Black Deck: The +1 Joker Slot allows Smeared Joker to function as a utility Joker while still providing space for 5 other Jokers to score.
Smeared Joker,Synergies,1,"Checkered Deck is split between two suits that do not combine due to the Smeared Joker, so it loses out on some benefits. However, it allows the deck to benefit from effects that involve Clubs and Diamonds, including very powerful Jokers like Ancient Joker, so it can still be quite valuable."
Smeared Joker,Synergies,2,"Painted Deck's hand size of 10 guarantees a Flush with Smeared Joker and no Stones. However, with Painted Deck's fewer Joker slots, keeping effect Jokers like Smeared Joker can be risky."
Smeared Joker,Synergies,3,Works best with the following hands if you are trying to go for a flush build.
Smeared Joker,Synergies,4,Flush
Smeared Joker,Synergies,5,Straight Flush
Smeared Joker,Synergies,6,Flush House
Smeared Joker,Synergies,7,Flush Five
Smeared Joker,Synergies,8,"Generally, any Joker that takes effect upon cards of certain suits will benefit from Smeared Joker, by activating on more cards, including:"
Smeared Joker,Synergies,9,Lusty Joker and Greedy Joker - Each Diamonds or Hearts provides +3 Mult.
Smeared Joker,Synergies,10,Wrathful Joker and Gluttonous Joker - Each Clubs or Spades provides +3 Mult.
Smeared Joker,Synergies,11,Bloodstone - Each Diamonds or Hearts has a 1 in 2 chance to provide a X1.5 Mult.
Smeared Joker,Synergies,12,Rough Gem - Each Diamonds or Hearts
Smeared Joker,Anti-Synergies,0,Smeared Joker doubles a player's vulnerability to suit bosses:
Smeared Joker,Anti-Synergies,1,The Head and The Window both debuff all Diamonds and Hearts cards.
Smeared Joker,Anti-Synergies,2,The Club and The Goad both debuff all Clubs and Spades cards.
Smeared Joker,Strategy,0,"Despite Smeared Joker counting suits as other suits, Jokers that unlock based on a certain suit won't count the other suit for their unlock condition, which includes the following Jokers:"
Smeared Joker,Strategy,1,Rough Gem won't count Hearts cards for its unlock condition.
Smeared Joker,Strategy,2,Bloodstone won't count Diamonds cards for its unlock condition.
Smeared Joker,Strategy,3,Arrowhead won't count Clubs cards for its unlock condition.
Smeared Joker,Strategy,4,Onyx Agate won't count Spades cards for its unlock condition.
Smeared Joker,Strategy,5,Shoot the Moon does not need to play Diamonds cards in order to get unlocked.
Smeared Joker,Strategy,6,"There is one exception, however, which is Seeing Double, which can be unlocked by playing 7s of Spades with Smeared Joker."
Smiley Face,Synergies,0,Red Deck's extra discard can be used to dig for more face cards in the player's deck.
Smiley Face,Synergies,1,"Painted Deck has a larger hand size, allowing for more face cards to appear. However, the -1 Joker slot means Smiley Face may not be as viable as some other options."
Smiley Face,Synergies,2,"Mad World Deck starts with an Eternal Pareidolia, which makes every card scored provide +5 Mult."
Smiley Face,Synergies,3,Two Pair and especially Full House work best with this Joker in the early game.
Smiley Face,Synergies,4,"Four of a Kind, Five of a Kind, and Flush Five work well with this Joker in the late game."
Smiley Face,Synergies,5,"Pareidolia makes every card scored provide +5 Mult, effectively making every card a slightly better Mult."
Smiley Face,Synergies,6,Sock and Buskin will add an additional +5 Mult per face card scored.
Smiley Face,Synergies,7,Triboulet provides a Mult multiplier for each played King or Queen.
Smiley Face,Synergies,8,Business Card gives each face card played a 50% chance to provide $2 when scored.
Smiley Face,Synergies,9,Scary Face provides additional Chips for each face card played.
Smiley Face,Synergies,10,Splash causes all face cards played to provide +5 Mult.
Smiley Face,Anti-Synergies,0,"Baron, Shoot the Moon, and Reserved Parking encourage not playing face cards."
Smiley Face,Anti-Synergies,1,Ride the Bus actively punishes playing face cards.
Smiley Face,Anti-Synergies,2,"Canio's ability activates only upon destroying face cards, resulting in fewer cards able to trigger Smiley Face."
Smiley Face,Anti-Synergies,3,"The Plant debuffs all faces, which prevents Smiley Face from giving any mult."
Sock and Buskin,Synergies,0,"Mad World Deck works well with Sock and Buskin, as this deck starts with Pareidolia and Business Card, allowing all cards to retrigger and generate more money from Business Card."
Sock and Buskin,Synergies,1,"5-card hands such as Full House, Five of a Kind, Flush, Flush House, and Flush Five will let you retrigger the most amount of face cards."
Sock and Buskin,Synergies,2,"Hiker will permanently add an additional +5 Chips per face card, for a total of +10 Chips."
Sock and Buskin,Synergies,3,Pareidolia will make it so all cards are retriggered.
Sock and Buskin,Synergies,4,Business Card can retrigger and give you an additional $2 for each proc.
Sock and Buskin,Synergies,5,Smiley Face will add an additional +5 Mult per face card.
Sock and Buskin,Synergies,6,Scary Face will add an additional +30 Chips per face card.
Sock and Buskin,Synergies,7,Triboulet will add an additional X2 Mult per King or Queen.
Sock and Buskin,Synergies,8,"Photograph will add an additional X2 Mult on the first face card, for a total of X4 Mult."
Sock and Buskin,Synergies,9,"Bloodstone might give an additional X1.5 Mult for each Hearts face card, which can be guaranteed with Oops! All 6s."
Sock and Buskin,Synergies,10,"Other suit-based Jokers like Onyx Agate, Greedy Joker, Arrowhead, etc. can benefit if your face cards have the corresponding suit."
Sock and Buskin,Synergies,11,"Tarot generating Jokers, like Cartomancer and Vagabond, are needed for deck manipulation to draw face cards more reliably. It will also help modify face"
Sock and Buskin,Anti-Synergies,0,Abandoned Deck and Medusa Deck both have anti-synergy since they contain no face cards by default.
Sock and Buskin,Anti-Synergies,1,"Canio encourages the player to destroy face cards, which doesn't work well with Sock and Buskin."
Sock and Buskin,Anti-Synergies,2,"Ride the Bus totally discourages playing face cards, making Sock and Buskin useless."
Sock and Buskin,Anti-Synergies,3,"Straights, although being a five-card hand, can only let you play up to 3 face cards."
Sock and Buskin,Anti-Synergies,4,"The Plant debuffs all face cards, rendering Sock and Buskin useless for the round."
Space Joker,Synergies,0,"Blue Deck gives an extra hand, meaning more chances to level up a poker hand."
Space Joker,Synergies,1,"Simple hands such as Pair or Two Pair are easier to find and play, allowing the player to consistently level these hands up."
Space Joker,Synergies,2,"Oops! All 6s increases your chances of upgrading the hand to 1 in 2, or 50%. Two copies of Oops! All 6s makes it guaranteed."
Space Joker,Synergies,3,Burglar's +3 Hands are perfect for trying to level up easy-to-assemble hands like High Card and Pair.
Space Joker,Synergies,4,"Supernova pays out Mult based on the number of times you've played a hand previously, which can enable a player to consistently build huge Mult values with simpler hands like Pair and Two Pair."
Space Joker,Synergies,5,"When there are multiple Space Jokers (or when copied with Blueprint and Brainstorm), their triggers are calculated separately. This provides more opportunities and consistency for leveling up poker hands."
Space Joker,Synergies,6,"Grabber and Nacho Tong both provide an extra hand, giving the player more chances to level up a specific poker hand."
Space Joker,Anti-Synergies,0,"Black Deck, Blast Off Deck, and Golden Needle Deck don't allow the player many chances to level up a poker hand due to their reduced number of hands."
Spare Trousers,Synergies,0,"Red Deck: +1 Discard, making it easier to assemble Two Pairs."
Spare Trousers,Synergies,1,"Blue Deck: +1 Hand per round, allowing more chances to scale."
Spare Trousers,Synergies,2,Painted Deck: The +2 hand size makes it much more likely to draw Two Pairs.
Spare Trousers,Synergies,3,Abandoned Deck and Mad World Deck: Easier to assemble Two Pairs thanks to their lower number of cards.
Spare Trousers,Synergies,4,"Spare Trousers's additive Mult increases by +2 any time the player plays a Poker Hand that contains a Two Pair. A Two Pair, a Full House, or a Flush House will always trigger this increase, even if any of the cards are debuffed by a Boss Blind. A Flush may also trigger this increase if it is assembled in such a way that it also contains a Two Pair; for example, a valid Flush for Spare Trousers would be K K J 9 9 with a matching suit."
Spare Trousers,Synergies,5,"Square Joker: +4 Chips any time a played hand consists of exactly four cards. Since a standard Two Pair is exactly four cards, the player can strengthen both Square Joker and Spare Trousers at the same time."
Spare Trousers,Synergies,6,"Space Joker: Like with Supernova, the repeated playing of Two Pair synergizes well with this Joker."
Spare Trousers,Synergies,7,"Card Sharp: Because it's unlikely to win with one Two Pair hand, Card Sharp will provide an additional X3 Mult on subsequent Two Pair hands."
Spare Trousers,Synergies,8,"Obelisk: While potentially a detriment if acquired alongside Spare Trousers at the start, this Joker will allow for an extreme power spike in the"
Spare Trousers,Anti-Synergies,0,"Black Deck, Blast Off Deck, and Golden Needle Deck all have poor synergy with Spare Trousers due to their reduced number of hands."
Spare Trousers,Anti-Synergies,1,"5 of a kind, Four of a Kind, Three of a Kind, Pair, Straight, Royal Flush, and Flush Five cannot activate the +Mult ability."
Spare Trousers,Anti-Synergies,2,"The Eye will only allow the player to play any given Poker Hand once, limiting the scaling opportunities for Spare Trousers."
Spare Trousers,Strategy,0,"Spare Trousers' usefulness is comparable to a bell curve over time. Initially, Spare Trousers has no bonus, and the player needs to play a Two Pair hand for it to have any benefit at all. Since any played hand can only ever include one Two Pair at a time, it can potentially take numerous hands and rounds of a run to build up Spare Trousers to a point where it feels strong. In other words, Spare Trousers requires a significant time investment, plus a conscious effort to play as many Two Pair hands as possible. Furthermore, since it can only be increased by +2 Mult per hand at most, in the late game (beginning around Ante level 7 and higher) the player runs the risk of being unable to increase Spare Trousers quickly enough to keep it viable. Usually, the player can raise Spare Trousers to around +40 Mult by the time they reach Ante level 8, but if Spare Trousers was the centerpiece of their build, they may struggle against the Showdown Blind and any subsequent Boss Blinds. Using Planet cards to level up Spare Trousers' applicable hands can partially compensate for the joker's late-game strength falloff."
Splash,Synergies,0,Blue Deck may see some more value out of this card due to its extra hand each round.
Splash,Synergies,1,"While Black Deck removes a hand, it also adds an extra Joker Slot, making it easier to keep Splash alongside other scoring Jokers."
Splash,Synergies,2,This Joker especially helps High Card and Pair builds which otherwise lose out on the ability to stack effects from enhanced cards or triggering jokers such as Fibonacci multiple times in a hand.
Splash,Synergies,3,"Any Jokers that trigger their effect when certain cards are scored synergize well with Splash. This includes Scholar, Greedy Joker, The Idol, Onyx Agate, and any other Joker that gives played cards a bonus when scored."
Splash,Synergies,4,"Flower Pot is arguably the best synergy with Splash, since you will almost always be able to play and score every suit in one hand, though that hand will probably counts as a Pair or High Card."
Splash,Synergies,5,Seeing Double and Splash makes it very easy to get the X2 Mult for low-scoring hands.
Splash,Synergies,6,Pareidolia boosts Splash's synergy with all Jokers that buff scored face cards.
Splash,Synergies,7,"Hiker is very good with Splash, as the cards played will always score and therefore always upgrade. This makes it easier to upgrade specific cards, as they can score even if the hand they would normally be played in is unavailable. It also makes it easier to add a high-chip card onto an otherwise low-chip hand."
Splash,Synergies,8,Jokers that scale
Splash,Anti-Synergies,0,"Painted Deck, Blast Off Deck and Cruelty Deck punish having effect Jokers like Splash due to their reduced Joker slots."
Splash,Anti-Synergies,1,"During Double or Nothing Deck and Fragile Deck, Splash will result in cards being debuffed and destroyed prematurely, respectively."
Splash,Anti-Synergies,2,"The following hands are already made up of five cards, and thus get no benefit from Splash:"
Splash,Anti-Synergies,3,Straight*
Splash,Anti-Synergies,4,Flush*
Splash,Anti-Synergies,5,Full House
Splash,Anti-Synergies,6,Straight Flush (and Royal Flush)*
Splash,Anti-Synergies,7,Five of a Kind
Splash,Anti-Synergies,8,Flush House
Splash,Anti-Synergies,9,Flush Five
Splash,Anti-Synergies,10,*Unless holding Four Fingers.
Splash,Anti-Synergies,11,"Ride the Bus is anti-synergistic, as it can be reset by a face card that would have otherwise had no effect."
Splash,Anti-Synergies,12,"Marble Joker adds Stones, which count to the score regardless of the hand, making Splash unnecessary."
Square Joker,Synergies,0,"Plasma Deck: Due to the balancing feature, Square Joker can be very beneficial if picked up early and scaled adequately throughout the run."
Square Joker,Synergies,1,Blue Deck: Having one extra hand allows more scaling for Square Joker.
Square Joker,Synergies,2,"The following hands are made up of no more than four cards, and thus can scale Square Joker:"
Square Joker,Synergies,3,Four of a Kind
Square Joker,Synergies,4,Three of a Kind
Square Joker,Synergies,5,Two Pair
Square Joker,Synergies,6,Pair
Square Joker,Synergies,7,High Card
Square Joker,Synergies,8,Hands that require fewer than four cards can be padded with non-scoring cards to scale anyway.
Square Joker,Synergies,9,"Flushes, Straights, and Straight Flushes can synergize with this Joker if Four Fingers is also present."
Square Joker,Synergies,10,Four Fingers: Allows Straights and Flushes to be made with only four cards.
Square Joker,Synergies,11,"Splash: Allows High Cards to score with all 4 cards, providing more bonus."
Square Joker,Synergies,12,"Spare Trousers: Requires Two Pairs hand to scale, which is exactly 4 cards."
Square Joker,Synergies,13,"Burglar: Provides three extra hands, allowing Square Joker to scale more."
Square Joker,Synergies,14,"Other scaling Additive mult Joker based on hands, like Green Joker, Ride the Bus, or Supernova, can be used alongside with Square Joker."
Square Joker,Synergies,15,"Grabber and Nacho Tong give additional hands per round, allowing Square Joker to scale even higher."
Square Joker,Synergies,16,"This Joker is easily distinguishable when played against Amber Acorn, as it retains its unique shape even when flipped face-down."
Square Joker,Synergies,17,"In general, the only time Squ"
Square Joker,Anti-Synergies,0,"Black Deck, Blast Off Deck, and Golden Needle Deck all have poor synergy with Square Joker due to their reduced number of hands."
Square Joker,Anti-Synergies,1,"The following hands are made up of five cards, and thus cannot scale Square Joker:"
Square Joker,Anti-Synergies,2,Straight*
Square Joker,Anti-Synergies,3,Flush*
Square Joker,Anti-Synergies,4,Full House
Square Joker,Anti-Synergies,5,Straight Flush (and Royal Flush)*
Square Joker,Anti-Synergies,6,Five of a Kind
Square Joker,Anti-Synergies,7,Flush House
Square Joker,Anti-Synergies,8,Flush Five
Square Joker,Anti-Synergies,9,*Unless holding Four Fingers.
Square Joker,Anti-Synergies,10,"The Psychic forces the player to play five cards, which means that Square Joker cannot scale."
Steel Joker,Synergies,0,"To synergize with the Steel Joker, there are two approaches: one is to maximize the number of Steel cards in the deck, and the second is to maximize the scoring potential of the Steel cards that will be in your hand. In general, Steel cards benefit from having a high base multiplier after scoring the cards, since Steel cards act before any Jokers. As such, Planet cards and Jokers that add multiplier upon scoring cards can help boost scores."
Steel Joker,Synergies,1,"Steel Joker works well with all decks, but Steel Joker is particularly well suited to the Plasma Deck. Since the combination of multipliers between Steel Joker and Steel cards can significantly boost mult well beyond any possible chip combinations, Plasma helps turn that high mult into a much higher score."
Steel Joker,Synergies,2,"Steel cards tends to work best with smaller hand types (high card, pair, etc.). This allows you to keep more cards in hand, capitalizing on the many Steel cards in the deck."
Steel Joker,Synergies,3,There are only a few good direct synergies with Steel Joker:
Steel Joker,Synergies,4,"DNA is very helpful, as it can be used to duplicate Steel cards each round."
Steel Joker,Synergies,5,"Mime retriggers all ""in hand"" cards, which should include many Steel cards."
Steel Joker,Synergies,6,"Tarot creating Jokers such as Vagabond, Cartomancer or Hallucination can create some of the tarot cards described in the Consumables section below."
Steel Joker,Synergies,7,Some other potential synergies include:
Steel Joker,Synergies,8,Burnt Joker will upgrade the level of the first discard
Steel Joker,Anti-Synergies,0,Vampire might be harder to scale when trying to keep Steel cards in the deck.
Stone Joker,Synergies,0,"Plasma Deck works best with this Joker thanks to its balancing feature, as Chips scale a lot faster than Mult."
Stone Joker,Synergies,1,"Medusa Deck and Monolith Deck both work well with Stone Joker, as these decks both start with a Marble Joker, which means Stone Joker gains +25 Chips for free each blind. Not only that, Medusa Deck also starts with twelve Stones."
Stone Joker,Synergies,2,"Any hands can benefit from Stone Joker, as it provides a flat Chips bonus; however, any build based around hands that require 5 cards can be made more difficult due to the increasing number of stone cards in the deck. As such, hands with 4 or fewer cards tend to work best."
Stone Joker,Synergies,3,"A hand of five stone cards is considered a High Card, making this one of the best types of hands to build around with Stone Joker."
Stone Joker,Synergies,4,"Marble Joker provides one Stone card every blind, effectively scaling Stone Joker at the same time."
Stone Joker,Synergies,5,"Blueprint or Brainstorm can be paired with Marble Joker to add up to 2 Stone cards every blind, providing 50 Chips for Stone Joker, or even 75 Chips if both are owned."
Stone Joker,Synergies,6,"Blueprint or Brainstorm can be reordered after completing a blind but before selecting a new blind, allowing it to both create a second Stone card through Marble Joker and double the chip bonus of Stone Joker (or doubling a more valuable joker if you have one)."
Stone Joker,Synergies,7,DNA lets you duplicate Stone cards to increase this card's chip bonus quicker.
Stone Joker,Anti-Synergies,0,"Vampire will remove the Stone enhancement from played cards, reducing Stone Joker's chips. While Stone Joker does not necessarily needs to play Stone cards to work, care should still be taken when combining these two Jokers together."
Stuntman,Synergies,0,"Plasma Deck works very well with Stuntman, as the +250 Chips, when balanced, guarantee players a significant score each hand. Having two Stuntmen can practically clear antes 1-8 by themselves with the Plasma deck, as long as the player does not find themselves with The Psychic."
Stuntman,Synergies,1,"Painted Deck starts with +2 hand size, thus Stuntman's penalty is completely neutralized. However, the -1 Joker Slot penalty makes it harder to build +Mult."
Stuntman,Synergies,2,"Because Stuntman greatly reduces hand size, smaller hands like High Card, Pair, and Three of a Kind are considered the best option."
Stuntman,Synergies,3,"Juggler: +1 hand size, partially offsetting the -2 hand size penalty."
Stuntman,Synergies,4,Turtle Bean: The +5 hand size completely removes Stuntman's penalty but is only temporary.
Stuntman,Synergies,5,"Troubadour: +2 hand size, which completely removes Stuntman's penalty, at the cost of -1 hand per round."
Stuntman,Synergies,6,Blueprint and Brainstorm can both copy Stuntman's 250 Chips bonus without the -2 hand size penalty.
Stuntman,Synergies,7,Blackboard: A smaller hand size makes it easier to trigger Blackboard's condition.
Stuntman,Synergies,8,"Raised Fist: The reduced hand size makes it easier to play all the smaller ranked cards from your hand. An early Stuntman + Raised Fist can score over 5,000 for each high card played, making it arguably the most efficient money-to-score ratio that two jokers have together."
Stuntman,Synergies,9,Green Joker: Stuntman wants you to play easier to make
Stuntman,Anti-Synergies,0,Five-Card Draw Deck's reduced hand size may make it impossible to play certain poker hands.
Stuntman,Anti-Synergies,1,Merry Andy's additional -1 hand size penalty may make it impossible to play certain poker hands.
Stuntman,Anti-Synergies,2,Jokers with held-in-hand abilities vary with Stuntman's effectiveness.
Stuntman,Anti-Synergies,3,"Baron, Shoot the Moon, and Reserved Parking are all weakened due to holding fewer face cards in hand."
Stuntman,Anti-Synergies,4,"Ouija and Ectoplasm both reduce hand size, which further debuffs the player along with Stuntman."
Stuntman,Anti-Synergies,5,"The decreased hand size doesn't allow many Golds, Steels, and Blue Seals to be utilized."
Stuntman,Anti-Synergies,6,The Manacle: -1 hand size can make assembling hands even harder.
Stuntman,Anti-Synergies,7,"The Psychic: Must play 5 cards. Stuntman, along with another -2 hand size debuff, c"
Stuntman,Strategy,0,"Stuntman can be used to score naneinf by creating many negative copies of Ankh with Perkeo to repeatedly clone and sell a Stuntman. Each Stuntman sold increases hand size by 2, and because no other scoring Jokers can be used, about 400 Red Seal Red Seal must be used.https://www.youtube.com/watch?v=q0rJMbxWkqE"
Supernova,Synergies,0,"Supernova works well with all decks, though it can find particular synergy when playing with a strategy that matches the deck to the poker hand, like Checkered Deck and Flush."
Supernova,Synergies,1,"The key to Supernova is to play the same hand consistently. Hands that can reliably be made, especially in the early game, help Supernova flourish. Furthermore, the more hands played, the better, so a build focusing on high base mult and chips hands (like straight flush) can prevent you from using all your hands to boost Supernova. This makes Supernova particularly powerful when matched with hands like High Card or Pair."
Supernova,Synergies,2,Supernova has synergy with the following Jokers:
Supernova,Synergies,3,"Burglar replaces discards with hands, resulting in more available hands, thus allowing Supernova to scale faster."
Supernova,Synergies,4,"Green Joker is an additive mult card that grows as more hands are played (however, Green Joker also loses mult with discards, and having multiple additive mult cards can limit your run's potential above Ante 9 or 10)."
Supernova,Synergies,5,Card Sharp gives X3 Mult when the same hand is played more than once in a round.
Supernova,Synergies,6,"Space Joker gives a 1 in 4 chance of upgrading a hand when it's played. By playing only one hand type consistently to boost Supernova, you can achieve very high levels for said hand."
Supernova,Synergies,7,"Burnt Joker easily allows leveling up a poker hand without planet cards (at the effective cost of 1 discard), which is extra be"
Supernova,Anti-Synergies,0,"Black Deck, Blast Off Deck, and Golden Needle Deck all have poor synergy with Supernova due to their reduced number of hands."
Supernova,Anti-Synergies,1,"If the player only ever plays one hand type, Obelisk will never provide anything above X1 Mult."
Supernova,Anti-Synergies,2,"If the player skips blinds to level up Throwback, the player will have fewer opportunities to play hands in order to increase Supernova's power."
Supernova,Anti-Synergies,3,"To Do List will always pick random hands to play, making a weird combo with Supernova."
Superposition,Synergies,0,"Red Deck gives an extra discard, allowing the player to search for Straights with an Ace easier."
Superposition,Synergies,1,"Blue Deck gives an extra hand, allowing the player to generate more Tarot cards."
Superposition,Synergies,2,"Painted Deck gives extra hand size, which can help the player with forming Straights with an Ace."
Superposition,Synergies,3,"Abandoned Deck makes it impossible to get an A/K/Q/J/10 Straight, but about three times easier to assemble an A/2/3/4/5 Straight."
Superposition,Synergies,4,Straight with an Ace.
Superposition,Synergies,5,Straight Flush (and Royal Flush) with an Ace.
Superposition,Synergies,6,"Shortcut: Normally, there are only two possible straights that contain an ace: A/2/3/4/5 and 10/J/Q/K/A. This makes it relatively difficult to trigger Superposition. Shortcut, however, allows straights to skip single cards, vastly increasing the number of ways this joker can be triggered."
Superposition,Synergies,7,"Four Fingers: Similarly, though to a lesser extent, Four Fingers makes it easier to trigger Superposition by reducing the requirements for a straight to just 4 consecutive cards instead of 5."
Superposition,Synergies,8,"Mathematically, assuming a standard 52-card deck: the number of 5-card hands that trigger Superposition increases by a factor of 12 with the addition of Four Fingers, a factor of 16 with the addition of Shortcut, and a factor of 84 with both. Meanwhile, the chance of getting any straight at all increases by a factor of 12.2 with the addition of Four Fingers, a factor of 12.8 with the addition of Shortcut, and a factor of 76.3 with both."
Superposition,Anti-Synergies,0,"Erratic Deck can make it difficult to use Superposition, as the randomized rank and suit makes it harder to form Straights."
Superposition,Anti-Synergies,1,"Black Deck has slight anti-synergy, as 1 less available hand makes it slightly harder to find Straights. However, it is easier to take Superposition, as it is less likely to take up a crucial Joker slot needed for survival."
Superposition,Anti-Synergies,2,"15 Minute City Deck and Mad World Deck are not recommended, as these decks don't contain any Aces by default."
Superposition,Anti-Synergies,3,Five-Card Draw Deck's -3 hand size makes it extremely hard to assemble Straights with an Ace.
Superposition,Anti-Synergies,4,"Nebula Deck starts with one fewer Consumable Slot, making it harder to hold onto Superposition's Tarot Cards."
Superposition,Anti-Synergies,5,"Jokers that reduce hand size, like Stuntman and Merry Andy, have anti-synergy with Superposition, as a smaller hand size makes it harder to assemble Straights with an Ace."
Swashbuckler,Synergies,0,"Black Deck gives an extra Joker slot, meaning Swashbuckler gets more Mult."
Swashbuckler,Synergies,1,"Similarly, Five-Card Draw Deck gives two extra Joker slots, meaning Swashbuckler gets even more Mult."
Swashbuckler,Synergies,2,"Swashbuckler generally works well with negative Jokers, as they will increase the amount of Joker slots while also having substantial sell values of their own. Therefore, the Anaglyph Deck can synergize with Swashbuckler, where many players will opt to use their accumulating Double Tag on a Negative Tag."
Swashbuckler,Synergies,3,"The Omelette Deck works very well with Swashbuckler, as this deck starts with multiple Eggs. With 4 Eggs, this Joker gains +12 Mult at the end of every Blind."
Swashbuckler,Synergies,4,"Inflation Deck also works well with Swashbuckler, as this deck permanently increases prices by $1 on every purchase, including the sell price. This Joker can provide a high amount of + Mult since it will scale when other Jokers' prices inflate."
Swashbuckler,Synergies,5,Any poker hand can benefit from Swashbuckler.
Swashbuckler,Synergies,6,"Generally, Swashbuckler gets more benefits when it is with higher-rarity Jokers due to their higher sell values. In particular, the Legendary Jokers have a massive sell value of $10, which is double that of the next highest base sell value."
Swashbuckler,Synergies,7,Some other notable synergies are:
Swashbuckler,Synergies,8,"Gift Card adds to the sell value for all other jokers at once, effectively scaling Swashbuckler over time."
Swashbuckler,Synergies,9,"Egg increases its sell value by $3 per blind, effectively scali"
Swashbuckler,Anti-Synergies,0,"Swashbuckler's effectiveness can be decreased when using the Painted Deck, Blast Off Deck, and Cruelty Deck due to their reduced Joker slots."
Swashbuckler,Anti-Synergies,1,"Credit Card. Joker, Jolly Joker, Sly Joker and Splash all have a sell value of $1, which is not good for Swashbuckler."
Swashbuckler,Anti-Synergies,2,"Clearance Sale and Liquidation are not recommended, as they reduce the sell price of all Jokers and thus reduce the +Mult of Swashbuckler."
Swashbuckler,Anti-Synergies,3,"Verdant Leaf requires selling a Joker, which means that unless the player does not rely on enhanced cards to win, Swashbuckler will lose +Mult."
Swashbuckler,Anti-Synergies,4,"Gold Stake introduces Rental Stickers, which only have a sell value of $1."
Séance,Synergies,0,"Séance is a bit of an odd Joker, as very few Spectral cards benefit from full Straight Flush builds. It is best used as a temporary Spectral generator that does not have limited uses, like Sixth Sense does, to create useful Spectrals that can then facilitate other builds. Anything that benefits from certain Spectral cards, theoretically, has some synergy with Séance."
Séance,Synergies,1,"For this reason, the synergies listed are split into two sections: ways to make more Straight Flushes, to maximize the Spectral cards Séance can give; and ways to use those Spectral cards to their maximum effect."
Séance,Synergies,2,"Checkered Deck is by far the best one to use Séance, as it is much easier to create Straight Flushes with fewer differing suits."
Séance,Synergies,3,"Red Deck, Blue Deck, and Painted Deck all make it slightly easier to find Straight Flushes."
Séance,Synergies,4,"Magic Deck's Fool cards are incredibly helpful, as they can be used to create a Suit-changing Tarot that can be used in a round to guarantee a Straight Flush. Starting with an extra consumable slot is also great for holding more Spectral cards."
Séance,Synergies,5,"15 Minute City Deck starts with an Eternal Shortcut, which allows Straight Flushes to be made with gaps in them, making it easier to get that hand."
Séance,Synergies,6,Straight Flushes (and Royal Flushes) are the only hands relevant to this Joker.
Séance,Synergies,7,Four Fingers and Shortcut both make Stra
Séance,Anti-Synergies,0,"Erratic Deck can make it difficult to use Séance, as the randomized rank and suit makes it harder to form Straight Flushes."
Séance,Anti-Synergies,1,"Black Deck has slight anti-synergy, as 1 less available hand makes it slightly harder to find Straight Flushes. However, it is easier to take Séance, as it is less likely to take up a crucial Joker slot needed for survival."
Séance,Anti-Synergies,2,Five-Card Draw Deck's -3 hand size makes it extremely hard to assemble Straight Flushes.
Séance,Anti-Synergies,3,"Nebula Deck starts with one fewer Consumable Slot, making it harder to hold onto Séance's Spectral Cards."
Séance,Anti-Synergies,4,"Jokers that reduce hand size, like Stuntman and Merry Andy, have anti-synergy with Séance, as a smaller hand size makes it harder to assemble Straight Flushes."
Séance,Anti-Synergies,5,"Glass Joker has slight anti-synergy with Séance, since due to a bug, Spectral Cards that destroy cards (such as Immolate)"
The Duo,Synergies,0,"All Decks work equally well, though Erratic Deck is slightly better, because the odds of a finding a Pair are higher given the unequal distribution of the Deck."
The Duo,Synergies,1,"Although only a X2 Mult boost, this Joker can trigger on every hand except High Card:"
The Duo,Synergies,2,"Pair, Two Pair"
The Duo,Synergies,3,"Three of a Kind, Four of a Kind, Five of a Kind"
The Duo,Synergies,4,"Full House, Flush House"
The Duo,Synergies,5,Flush Five
The Duo,Synergies,6,"Flush, when a pair is present in the played hand"
The Duo,Synergies,7,"Straight and Straight Flush, when containing a pair using Four Fingers (ex: 10 9 9 8 7)"
The Duo,Synergies,8,"Any Joker that provides benefits to hands that contain Pairs provide direct synergy, such as:"
The Duo,Synergies,9,Pair: Jolly Joker and Sly Joker.
The Duo,Synergies,10,"Two Pair: Mad Joker, Clever Joker, and Spare Trousers."
The Duo,Synergies,11,Three of a Kind: Zany Joker and Wily Joker.
The Duo,Synergies,12,"Half Joker works reasonably well to provide some base Mult to feed into The Duo, although it does limit the player to only playing a maximum of 3 cards per hand."
The Duo,Synergies,13,Supernova and Card Sharp are also decent choices if the player wishes to lean into a specific poker hand type.
The Duo,Synergies,14,Seeing Double is another option provided the player always includes a Club and Non-Club in the hand that contains the Pair.
The Duo,Synergies,15,"Space Joker or Burnt Joker can level up Pairs to steadily increase its scoring power, which is relatively weak compared to harder to form"
The Duo,Strategy,0,"Winning a run without playing a Pair is not difficult as hands played that contain Pairs do not count towards the unlock requirement. Nonetheless, there is a clear winner in which Deck to use to unlock The Duo: Checkered Deck allows the player to play Flushes consistently throughout the run, being able to avoid Pairs a large majority of the time."
The Duo,Strategy,1,The played Pair does not need to score for The Duo to activate. The only way to have this happen is when playing a Flush with Four Fingers that also has a differently suited Pair (ex: 10 9 4 3 of Spades and 10 of Diamonds).
The Duo,Strategy,2,The Duo can also activate on a Straight with Four Fingers when there is a repeated rank (ex: 10 10 9 8 7).
The Duo,Strategy,3,"Revealing a pair of matching ranks via Vampire removing Stone from a card will not activate The Duo; the determination is made when the hand is played, not when the Joker effect activates."
The Family,Synergies,0,"Abandoned Deck and Mad World Deck work well with this Joker thanks to their smaller deck, making searching for Four of a Kind easier."
The Family,Synergies,1,Erratic Deck can work well with this Joker if it randomizes a lot of cards with the same rank.
The Family,Synergies,2,The Family will trigger on any hand containing a Four of a Kind:
The Family,Synergies,3,Four of a Kind
The Family,Synergies,4,Five of a Kind
The Family,Synergies,5,Flush Five
The Family,Synergies,6,"Any jokers that trigger with Three of a Kind hands and Pair hands, such as Zany Joker and The Duo."
The Family,Synergies,7,"Drunkard and Merry Andy give extra discards, which makes it easier to find a Four of a Kind. Merry Andy's hand size downside is pretty much meaningless with the extra discards, as long as the player does not reduce their hand size much further."
The Family,Synergies,8,"Juggler and Troubadour increase hand size, which makes it easier to find a Four of a Kind. Troubadour's -1 hand punishment is pretty much meaningless on early antes as a single X4 Mult can beat some antes with good + Mult. Turtle Bean can also be used, but not permanently like the other 2 Jokers."
The Idol,Synergies,0,Abandoned Deck and Mad World Deck can make it easier to manipulate the deck into one type of card due to the reduced number of starting cards.
The Idol,Synergies,1,"Zodiac Deck starts with Tarot Merchant, which can be helpful to manipulate the deck in your favor using Tarot cards."
The Idol,Synergies,2,"Checkered Deck starts with 2 of every card rather than 1, making The Idol slightly more consistent to activate in the early game."
The Idol,Synergies,3,"Flush Five works exceptionally well with The Idol because it can trigger the effect 5 times, plus any additional retriggers from Jokers or Red Seal."
The Idol,Synergies,4,"If using The Idol, it's best to play a Flush Five as soon as possible in order to unlock its respective Planet card, Eris."
The Idol,Synergies,5,"In the early to midgame, one can make do with Three of a Kind and Four of a Kind, assuming the correct card is chosen by The Idol. Due to the highly random nature of the card, you will likely want more reliable sources of score before you can fully utilize it. That said, using this Joker in the early to midgame is nearly impossible."
The Idol,Synergies,6,"Jokers that retrigger scored cards, such as Dusk or Hack, will compound the multiplication immensely."
The Idol,Synergies,7,Jokers that help manipulate the deck to fewer types of cards will make the randomly chosen card more likely to be desirable. DNA or Trading Card are the most important jokers for accomplishing this.
The Idol,Synergies,8,Smeared Joker effectively halves
The Idol,Anti-Synergies,0,"Hologram requires you to add cards to your deck for Joker scaling, making this Joker more inconsistent in scoring, unless you add your desired cards with DNA."
The Idol,Anti-Synergies,1,"Certificate always adds cards with a random rank and suit, making an awkward combo with The Idol."
The Idol,Strategy,0,"The rank and suit are decided by pulling a random non-Stone from your deck. Thus, if you have multiples of a particular rank or suit, it will be proportionally likely for that value to be chosen."
The Idol,Strategy,1,"While it can be underwhelming early game, it excels late game when the proper deck manipulation can be put into place. A Flush Five containing five of The Idol's target card yields X32 Mult, retriggers notwithstanding. However, it is one of the more difficult Jokers to extract the most use out of."
The Idol,Strategy,2,"The best cards to build around are those that can be retriggered more times by other Jokers. 2's, 3's, 4's, and 5's can be retriggered by Hack, while face cards (J, Q, K) can be retriggered by Sock and Buskin."
The Order,Synergies,0,"Abandoned Deck and Mad World Deck both have fewer cards than usual, which makes it easier to make Straights."
The Order,Synergies,1,Painted Deck's extra hand size makes Straights easier to find.
The Order,Synergies,2,"15 Minute City Deck starts with an Eternal Shortcut, which allows Straights to be made with gaps in them, making it easier to get that hand."
The Order,Synergies,3,The Order will trigger on Straights and Straight Flushes.
The Order,Synergies,4,"As all Straight hands have high Chip scaling from Planet cards, The Order can lend itself well to high-level Straight or Straight Flush runs."
The Order,Synergies,5,"Four Fingers and Shortcut both allow Straights to be made more easily. Having either of these will make Straight builds much more reliable, making The Order easier to trigger."
The Order,Synergies,6,"Jokers that give bonuses when Straights are played, like Crazy Joker and Devious Joker, work well with The Order. Runner is the primary example of this, as it gives scaling Chips when the player plays the hand they already want to play if they have The Order."
The Order,Synergies,7,"Sources of easy +Mult are useful in the early antes, such as Mystic Summit, as they allow The Order to multiply a larger amount of Mult without having to level Straights first."
The Order,Anti-Synergies,0,"Erratic Deck can make it difficult to use The Order, as the randomized rank and suit makes it harder to form Straights."
The Order,Anti-Synergies,1,Five-Card Draw Deck's -3 hand size makes it extremely hard to assemble Straights.
The Order,Anti-Synergies,2,"Jokers that reduce hand size, like Stuntman and Merry Andy, have anti-synergy with The Order, as a smaller hand size makes it harder to assemble Straights."
The Order,Anti-Synergies,3,"Ectoplasm and Ouija have anti-synergy with The Order, as a smaller hand size makes it harder to assemble Straights. Not only that, but Ouija converts all cards held in hand into one single rank, which makes assembling Straights less consistent."
The Order,Anti-Synergies,4,The Manacle's -1 hand size makes it hard to assemble Straights.
The Order,Anti-Synergies,5,"The Water will always start with 0 discards, making it very ha"
The Tribe,Synergies,0,"Checkered Deck will almost always get value from The Tribe, since it excels at making Flushes."
The Tribe,Synergies,1,Flush: The hand this Joker is specifically made for.
The Tribe,Synergies,2,"Straight Flush: A much more valuable hand, use Tarot cards and Standard Packs to make playing a Straight Flush easier."
The Tribe,Synergies,3,"Flush House/Flush Five: The two most valuable base hands in the game, which both contain Flushes. Try to pick up cards that make playing these possible."
The Tribe,Synergies,4,Four Fingers and Smeared Joker make it easier to play Flushes and trigger this Joker's multiplier.
The Tribe,Synergies,5,"Any Joker that adds multiplier based on played cards of certain suit, such as Gluttonous Joker."
The Tribe,Synergies,6,"Troubadour gives extra hand size, making it easier to find cards of the same suit."
The Tribe,Synergies,7,"Crafty Joker and Droll Joker trigger on the same condition, giving them natural synergy."
The Tribe,Synergies,8,Tarot cards:
The Tribe,Synergies,9,"The Moon, The Star, The Sun, and The World turn cards into Clubs, Diamonds, Hearts, and Spades, respectively, which can be useful if the player wants their deck to focus on one or two suits."
The Tribe,Synergies,10,The Hanged Man can be useful for cutting unwanted cards out the deck if the player wants to focus on one particular card suit.
The Tribe,Synergies,11,"The Lovers turn a card into a Wild, which can be useful for forming a Flush if the player is down a card or two needed."
The Tribe,Strategy,0,The Flush does not need to score for The Tribe to activate. This can happen when playing a Four of a Kind with 5 cards of the same suit (ex: K K K K 8 of Spades).
The Trio,Synergies,0,"Abandoned Deck and Mad World Deck work well with this Joker thanks to their smaller deck, allowing assembling a Three of a Kind easier."
The Trio,Synergies,1,Erratic Deck can work well with this Joker if it randomizes a lot of cards with the same rank.
The Trio,Synergies,2,This Joker can trigger on any played hand containing three cards of the same rank:
The Trio,Synergies,3,"Three of a Kind, Four of a Kind, Five of a Kind"
The Trio,Synergies,4,"Full House, Flush House"
The Trio,Synergies,5,Flush Five
The Trio,Synergies,6,"Flush, when a Three of a Kind is present in the played hand"
The Trio,Synergies,7,Wily Joker gives +100 Chips when played hand contains a Three of a Kind.
The Trio,Synergies,8,Zany Joker gives +12 Mult when played hand contains a Three of a Kind.
The Trio,Synergies,9,Playing a Three of a Kind or above will also trigger Jokers that trigger with Pair hands such as Jolly Joker and The Duo.
The Trio,Strategy,0,The Three of a Kind does not need to score for The Trio to activate. The only way to have this happen is when playing a Flush with Four Fingers that also has a differently suited Three of a Kind (ex: ♠️10 ♠️10 ♦️10 ♠️4 ♠️3).
Throwback,Synergies,0,"Anaglyph Deck can be useful when running Throwback, as the Double Tags it generates make skipping Blinds more appealing."
Throwback,Synergies,1,"Fragile Deck can work with Throwback, as this deck encourages the player to preserve as many Glasss as possible to beat ante 8, for which skipping blinds can be useful."
Throwback,Synergies,2,"Jokers that have powerful up-front effects generally work great with Throwback, as they allow you to skip blinds and boost Throwback without compromising the other Jokers' scaling. Flat +Mult jokers in particular, such as Half Joker, Mystic Summit, etc., can provide a larger base mult for Throwback, though depending on the hand type, per-card mult boosts may be stronger."
Throwback,Synergies,3,"Since Throwback can boost mult to very high values, it can be worth investing in a +Chips joker, like Stuntman or Bull, to improve that side of the equation."
Throwback,Synergies,4,"Since Throwback prioritizes skipping blinds, consumable Jokers (Popcorn, Ice Cream, Seltzer, and similar) go through fewer hands, allowing them to be useful for more Antes."
Throwback,Synergies,5,"Diet Cola empowers the skips you do, allowing you to double the bonus from a strong tag."
Throwback,Synergies,6,"Glasss work very well with Throwback, as you can gain X2 Mult, and the risk of losing the cards is reduced because you are playing fewer hands."
Throwback,Synergies,7,"Hieroglyph and Petroglyph lower the Ante by 1, giving another"
Throwback,Anti-Synergies,0,"Because Throwback needs to skip Blinds to scale, it is usually a poor combination with Jokers that require action taken in Blinds or the shop to scale. For example, Hologram, Vampire, Supernova, and Madness. It can be decent if a couple of blinds were skipped in the past as a temporary midgame choice, but there are often better alternatives for builds that use these kinds of scaling."
To Do List,Synergies,0,"Red Deck gives +1 Discard, allowing the player more chances to dig through their deck if To Do List requires a more difficult hand to play."
To Do List,Synergies,1,"Blue Deck gives +1 Hand, meaning that the player has more chances to get more Money from To Do List."
To Do List,Synergies,2,"Ghost Deck and Zodiac Deck have increased access to Spectral cards and Tarot cards respectively, which can make some of the more difficult hands easier to achieve if To Do List chooses them."
To Do List,Synergies,3,"Erratic Deck can make hands like Four of a Kind easier to play. However, it can also make it harder to play hands like Straight."
To Do List,Synergies,4,"The target hand will change randomly every round, so it doesn't synergise with any specific hand."
To Do List,Synergies,5,Burglar adds 3 extra hands allowing To Do list to generate more money.
To Do List,Synergies,6,Drunkard and Merry Andy add more discards which can help the player to find the hand that To Do List chose.
To Do List,Synergies,7,Blueprint and Brainstorm can copy To Do List to effectively double/triple amount of money gained with no downside as they can be moved around to buff scoring Jokers afterward.
To Do List,Synergies,8,"Four Fingers, Shortcut and Smeared Joker all make certain hands easier to play."
To Do List,Synergies,9,Grabber and Nacho Tong both give extra hands allowing To Do List to generate more money.
To Do List,Synergies,10,Wasteful and Recyclomancy both give extra discards allowing the player to find the hand that To Do List chose.
To Do List,Anti-Synergies,0,"Black Deck, Blast Off Deck, and Golden Needle Deck don't allow the player many chances for To Do List to trigger due to their reduced number of hands."
To Do List,Anti-Synergies,1,"Any joker which incentivizes playing a consistent hand type throughout a run like Runner, Supernova or Spare Trousers has a slight anti-synergy with To Do list."
To Do List,Anti-Synergies,2,"When running Obelisk, it is possible for To Do List to land on your most played hand."
To Do List,Strategy,0,"To Do List only applies to the scoring hand, not the hands that it contains. For example, playing a Full House if the chosen hand is Two Pair does not give $4."
To Do List,Strategy,1,"Each copy of To Do List picks its Poker Hand independently of every other copy. For example, if one were to copy a held To Do List that is on Straight Flush using Ankh, they will both start at Straight Flush. However, once they reset, it is possible that one is on Full House and the other is on High Card. This is unlike all other Jokers with similar random effects (such as Mail-In Rebate, Castle, or Ancient Joker), as all of their copies are ""synced""."
To Do List,Strategy,2,"Much like the appearance of planet cards, it has a chance to choose Secret hands if they have been played at least once during the current run."
To the Moon,Synergies,0,"Yellow Deck, as this deck tends to allow the player to reach the initial Interest cap earlier."
To the Moon,Synergies,1,"Jokers that rely on Money, like Bull and Red Card, are boosted from the extra Interest To the Moon offers."
To the Moon,Synergies,2,"Money generating jokers that provide Money during the round, like Rough Gem and Mail-In Rebate can help the player reach Interest thresholds."
To the Moon,Synergies,3,"Golds and Gold Seal allow money generation mid-round, meaning the money they make counts toward interest earned at the end."
To the Moon,Synergies,4,"Seed Money and Money Tree have one of the strongest synergies with To The Moon, as they raise the base interest cap. With both vouchers, To the Moon can end up producing $40 at the end of every round."
To the Moon,Anti-Synergies,0,"Avoid this Joker on Green Deck and Mad World Deck, as those decks cannot gain interest at any time."
To the Moon,Anti-Synergies,1,"Luxury Tax Deck receives little benefit from To The Moon, as in order to take advantage of its high interest, the player would want high starting money, which this deck punishes."
To the Moon,Anti-Synergies,2,"Vagabond encourages playing without earning interest, making To The Moon useless."
To the Moon,Anti-Synergies,3,"Credit Card enables going $20 in debt, well below the minimum interest level."
To the Moon,Anti-Synergies,4,"The Ox sets money to $0 when playing most played hand, which totably disables To the Moon (unless the player has Matador)"
To the Moon,Anti-Synergies,5,"The Tooth deducts money for every card played, so try not to play any 5-card hand if possible."
To the Moon,Strategy,0,The Omelette Deck challenge bans To the Moon.
Trading Card,Synergies,0,"Red Deck gives +1 Discard, allowing Trading Card to be used with fewer consequences."
Trading Card,Synergies,1,"In the early game, Trading Card tends to work best with hands that are more likely to be drawn, since it requires ""wasting"" a discard."
Trading Card,Synergies,2,"However, Trading Card is one of the strongest enablers for more difficult hands by the mid/late game, as removing a third to a half of the deck makes certain difficult hand types significantly easier to assemble."
Trading Card,Synergies,3,"Drunkard gives +1 Discard, allowing Trading Card to be used with fewer consequences."
Trading Card,Synergies,4,"Merry Andy gives +3 Discards, making the discard used for Trading Card inconsequential."
Trading Card,Synergies,5,Glass Joker increases by X0.75 Mult for every destroyed Glass card.
Trading Card,Synergies,6,"Canio increases by X1 Mult for every destroyed face card, dramatically improving the value of Trading Card."
Trading Card,Synergies,7,Erosion gives +4 Mult for every card less than the deck's starting amount.
Trading Card,Synergies,8,"Ride the Bus is easier to keep the effect of, as face cards can be destroyed."
Trading Card,Synergies,9,DNA pairs well with Trading Card for deck manipulation.
Trading Card,Synergies,10,"Hologram scales on adding cards. By using Trading Card, cards can be added without bloating the deck."
Trading Card,Synergies,11,"Mystic Summit gains +15 Mult after using up all discards, making the discard used for Trading Card less consequential."
Trading Card,Synergies,12,"Purple Seal activates before the destruction, resulting in both a Tarot card and $3."
Trading Card,Synergies,13,Wasteful and
Trading Card,Anti-Synergies,0,"Blast Off Deck starts with 2 discards, making Trading Card harder to use."
Trading Card,Anti-Synergies,1,Fragile Deck makes it risky to use Trading Card without Glass Joker.
Trading Card,Anti-Synergies,2,Jokers that discourage discarding do not benefit from the required discard to activate Trading Card.
Trading Card,Anti-Synergies,3,"These include Green Joker, Ramen, Banner, and Delayed Gratification."
Trading Card,Anti-Synergies,4,"Burglar removes all discards, rendering Trading Card unusable."
Trading Card,Anti-Synergies,5,May or may not have anti-synergy with Burnt Joker since Trading Card requires discarding a single card to activate meaning Burnt Joker can only level-up High Card.
Trading Card,Anti-Synergies,6,"The Water starts with 0 discards, meaning Trading Card cannot be used."
Trading Card,Anti-Synergies,7,"Blue Stake starts with -1 discard, making Trading Card harder to use."
Trading Card,Strategy,0,"If the player holds multiple copies of Trading Card, they still only apply to the first discard, and each gives $3. Trading Card cannot be copied by Blueprint or Brainstorm, but multiple copies can be obtained via Showman, Invisible Joker, or Ankh."
Triboulet,Synergies,0,Most decks benefit equally from Triboulet as most start with the same amount of Kings and Queen.
Triboulet,Synergies,1,"The Ghost Deck has easier access to Spectral cards, which simplifies deck building, allowing the deck to be more concentrated on Kings and Queens, but also because of Red Seals, which can retrigger Triboulet's effect."
Triboulet,Synergies,2,"To make the most value out of Triboulet, bigger poker hands are preferred, such as Full House, Flush House, Five of a Kind or Flush Five. This also means that, inversely, smaller poker hands like High Card or Pair get less triggers of Triboulet, and therefore are not recommended."
Triboulet,Synergies,3,"As Kings and Queens are considered face cards, any Jokers triggering off of face cards naturally make a combo with Triboulet. Retriggers are by far the most valuable, as seen with Sock and Buskin, activating the multiplicative Mult up to 5 times more. This skyrockets gain from Triboulet when playing a 5-card hand containing only scoring Kings and Queens which is X32 Mult to X1024 Mult, a staggering difference."
Triboulet,Synergies,4,"Hanging Chad, Dusk, and Seltzer are also good due to the same reasoning."
Triboulet,Synergies,5,"Splash allows Kings and Queens to score on poker hands they otherwise would be unable to, such as an Ace-high High Card hand."
Triboulet,Synergies,6,Tarot cards:
Triboulet,Synergies,7,"The Empress can enhance Queens or Kings into Mults, which prov"
Triboulet,Anti-Synergies,0,"Abandoned Deck, Medusa Deck, and Mad World Deck are not recommended due to the lack of initial Kings and Queens."
Triboulet,Anti-Synergies,1,"Canio requires many face cards to be destroyed, the majority of which tend to be Kings and Queens. This isn't too much of a problem if the player decides to destroy just Jacks or if they have Pareidolia."
Triboulet,Anti-Synergies,2,"Baron, Shoot the Moon and Reserved Parking require having Kings and Queens held in hand instead of playing them, making a bad combination with Triboulet."
Triboulet,Anti-Synergies,3,Though Reserved Parking isn't too much of an issue if the player leaves just Jacks or have Pareidolia.
Triboulet,Anti-Synergies,4,"Ride the Bus grows with every consecutive hand played that contains no face cards, meaning consistently playing Kings or Queens renders it useless."
Triboulet,Anti-Synergies,5,The Plant can be a run killer as debuffed Queens
Troubadour,Synergies,0,"Blue Deck works best with Troubadour thanks to its +1 hand per round bonus, offsetting the -1 hand penalty of this Joker. This effectively transforms the Blue Deck into a more flexible Painted Deck."
Troubadour,Synergies,1,"Golden Needle Deck starts with 1 hand, and Troubadour cannot reduce hands below one, turning Troubadour into a +2 hand size without any penalty."
Troubadour,Synergies,2,"Any strong 5 card hands can benefit from Troubadour, as the increased hand size means a higher chance to draw needed cards to form the hand."
Troubadour,Synergies,3,"Troubadour can also be good in High-card builds that rely on cards being in hand to score, such as with Baron or Steel cards."
Troubadour,Synergies,4,Any held-in-hand effect Joker will be improved by Troubadour by virtue of holding more cards in hand.
Troubadour,Synergies,5,"This includes Baron, as mentioned previously, Shoot the Moon, and Reserved Parking."
Troubadour,Synergies,6,Mime: More cards in hand means more cards for Mime to retrigger.
Troubadour,Synergies,7,"Mail-In Rebate: With increased hand size, it can be easier to find the card rank required for that round."
Troubadour,Synergies,8,"Burglar: Add three extra hands, offsetting the -1 hand penalty of this Joker at the cost of no discards."
Troubadour,Synergies,9,Merry Andy and Stuntman: Troubadour offsets the hand size penalty of these two Jokers.
Troubadour,Synergies,10,"With Troubadour's increased hand size, it can make it easier to draw into Steels and/or Golds, as well as cards that have a Blue Seal."
Troubadour,Anti-Synergies,0,"Black Deck makes it difficult to use Troubadour on, as its -1 hand per round penalty means players will only have 2 hands to beat each blind."
Troubadour,Anti-Synergies,1,"Similarly, Blast Off Deck makes it even more difficult to use Troubadour on, as its -1 hand per round penalty means players will only have 1 hand to beat each blind."
Troubadour,Anti-Synergies,2,"Overall, any scaling Joker that requires hands to be played is impeded by the -1 hand penalty, giving fewer opportunities to scale them efficiently."
Troubadour,Anti-Synergies,3,"This includes Green Joker, Ride the Bus, Supernova, Runner, Square Joker, Spare Trousers, and Obelisk."
Troubadour,Anti-Synergies,4,"Vagabond and Space Joker suffer from the -1 hand penalty, as Jokers that generate a resource or trigger when a hand is played have fewer opportunities to trigger."
Troubadour,Anti-Synergies,5,Card Sharp can activate one less time.
Troubadour,Anti-Synergies,6,Loyalty Card becomes harder
Troubadour,Strategy,0,The Five-Card Draw Deck challenge bans Troubadour.
Troubadour,Strategy,1,"Because the hand is taken away when Blind is selected, gaining Troubadour during a round will not reduce the amount of hands until the next Blind, and selling Troubadour during a blind will only remove the extra Hand Size while keeping the -1 hand effect for that Blind."
Troubadour,Strategy,2,"Troubadour can never decrease the total amount of hands below 1, even with multiple copies or when used during The Needle or Golden Needle Deck."
Turtle Bean,Synergies,0,Any deck can benefit from Turtle Bean.
Turtle Bean,Synergies,1,"Any 5-card hand can benefit from Turtle Bean. In particular, the extra hand size makes finding matching cards for high-value hands, like Straight Flush or Flush Five, much easier."
Turtle Bean,Synergies,2,"If your goal is huge hand sizes, then:"
Turtle Bean,Synergies,3,Juggler: +1 hand size.
Turtle Bean,Synergies,4,"Troubadour: +2 hand size, at the cost of -1 hand per round."
Turtle Bean,Synergies,5,Turtle Bean has particular synergies with:
Turtle Bean,Synergies,6,"Any Joker that provides held in-hand bonuses like Baron, Shoot the Moon, or Reserved Parking benefits, since Turtle Bean allows larger hand sizes."
Turtle Bean,Synergies,7,"Throwback: Since Throwback benefits from skipping blinds, this extends the life of Turtle Bean."
Turtle Bean,Synergies,8,Note that the increased Hand Size from Turtle Bean also applies to Tarot and Spectral packs. Thus:
Turtle Bean,Synergies,9,Tarot and Spectral cards with selected card effects have a wider selection of cards to choose from your deck.
Turtle Bean,Synergies,10,Ouija and Sigil convert substantially more cards if used early in Turtle Bean's duration.
Turtle Bean,Synergies,11,"Because Turtle Bean lasts exactly 5 rounds, the Perishable sticker has no effect on it, as it will get disappear immediately before it is set to be debuffed."
Turtle Bean,Synergies,12,"If Crimson Heart disables Turtle Bean, the hand size will return to normal, but current cards in hand will stay intact until"
Turtle Bean,Anti-Synergies,0,"Blackboard can be harder to trigger, as the increased hand size can make it harder to hold only Clubs and Spades in your hand."
Turtle Bean,Anti-Synergies,1,The increased hand size will make it hard for Raised Fist to give more score from high-ranked cards.
Turtle Bean,Strategy,0,"The sell value of Turtle Bean does not depend on its current Hand Size value, so it is best to sell Turtle Bean when it is at +1 Hand Size, instead of letting it get destroyed (worth $0)."
Vagabond,Synergies,0,"Green Deck isn't reliant on Interest to gain money, so spending everything you have to trigger Vagabond won't impact your ability to buy from the Shop as much."
Vagabond,Synergies,1,"However, some of Green Deck's income is from leftover Hands/Discards, which can be harder to save if the player wants to get max value from Vagabond by playing all their hands."
Vagabond,Synergies,2,"Blue Deck allows more hands to be played, meaning more triggers of Vagabond."
Vagabond,Synergies,3,Magic Deck's extra consumable slot is very helpful for saving useful Tarots.
Vagabond,Synergies,4,Zodiac Deck's unique shop makes it easier to spend money to reach the $4 threshold and generally helps the Tarot-stacking builds Vagabond tends to form.
Vagabond,Synergies,5,"Luxury Tax Deck encourages the player to not have too much money when entering blinds, similar to Vagabond."
Vagabond,Synergies,6,Weaker hands like High Card or Pair allow the player to farm more Tarot cards per round.
Vagabond,Synergies,7,"Later in the game, these Tarot cards can enable hands built around one rank, such as Four of a Kind and Five of a Kind."
Vagabond,Synergies,8,"Jokers that scale based on hands played, like Ride the Bus, Square Joker, and Obelisk, are helpful to pair with Vagabond, as they grow more powerful in the process of using Vagabond to its full potential."
Vagabond,Synergies,9,"Furthering this idea, Burglar allows more hands to be played to both generate more Tarots and scale these Jokers."
Vagabond,Synergies,10,Jokers that want the player to use many Tarot cards benefit well from Vagab
Vagabond,Anti-Synergies,0,"Black Deck, Blast Off Deck, and Golden Needle Deck don't work as well with Vagabond due to their reduced number of hands."
Vagabond,Anti-Synergies,1,Nebula Deck's fewer consumable slots make it significantly harder to use the Tarots from Vagabond.
Vagabond,Anti-Synergies,2,"Rich get Richer Deck doesn't work well with Vagabond, as this deck encourages the player to have a lot of money."
Vagabond,Anti-Synergies,3,"Jokers which generate money during a round, as opposed to at cashout, can quickly pass Vagabond's shutoff point."
Vagabond,Anti-Synergies,4,"Rough Gem, To Do List, Mail-In Rebate, Business Card, Reserved Parking and Matador all can pass Vagabond's requirement during the round."
Vagabond,Anti-Synergies,5,"Trading Card's $3 does not go over the limit on its own, but it does require the player make sure they have no more than one dollar before each Blind."
Vampire,Synergies,0,"Zodiac Deck, Magic Deck or the Ghost Deck work well for the vampire, as these decks have more opportunities to obtain Tarots and Spectral cards (see Consumables below) that can provide enhanced cards to feed the Vampire."
Vampire,Synergies,1,Black Deck's additional Joker slot can be used for effect Jokers (like Midas Mask) to generate enhanced cards.
Vampire,Synergies,2,"Medusa Deck and Monolith Deck Challenge Decks both starts with a Marble Joker, which Vampire can use it as an enhancement generator to scale easier. Not only that, Medusa also starts with 12 Stones."
Vampire,Synergies,3,"Since this joker will consume the Enhancements before they get applied, hands with a high base mult are preferred."
Vampire,Synergies,4,Flush Five
Vampire,Synergies,5,Flush House
Vampire,Synergies,6,Five of a Kind
Vampire,Synergies,7,Straight Flush
Vampire,Synergies,8,Full House
Vampire,Synergies,9,Flush
Vampire,Synergies,10,Four of a Kind
Vampire,Synergies,11,"Vampire combos well with jokers that either generate Tarot cards, or enhancements themselves (such as Midas Mask) to generate a steady supply of Enhancements to eat."
Vampire,Synergies,12,"If using the Midas Mask combo, the order will affect this. If the Midas Mask is placed first, face cards will be changed to Golds, and the Vampire will immediately consume the effect to increase its multiplier. However, if the Midas Mask is placed after the Vampire, the cards are made golden without consuming the effect. Thus, players could create infinite enhancement supplies for Va"
Vampire,Anti-Synergies,0,"Jokers that rely on specific card enhancements become harder to use when combined with Vampire. These include Lucky Cat, Glass Joker, Golden Ticket, Steel Joker and Stone Joker."
Vampire,Anti-Synergies,1,"Driver's License limits the players to not play any enhanced card, making a risky combo with Vampire."
Vampire,Anti-Synergies,2,"Planet Merchant and Planet Tycoon reduce the probabilities of Tarot cards appearing in the shop, and therefore, the X Mult from Vampire. Magic Trick also applies here, but this one isn't too bad at all since it's required to get Illusion."
Vampire,Strategy,0,"Vampire removes Enhancements before their effect occurs, meaning the Enhancements cannot activate. All scored cards will get their Enhancements removed. Vampire also cannot change the type of Poker Hand retroactively, for example removing Wild would still keep the Poker Hand as Flush."
Vampire,Strategy,1,There are a few notable playing card interactions:
Vampire,Strategy,2,"Debuffed: Debuffed cards are considered not to have any Modifier including Enhancements, so Vampire cannot remove Enhancements from debuffed cards."
Vampire,Strategy,3,"Wild: wild enhancement gets removed, the card scores if it would have scored for the original hand, and the type of hand played is not affected."
Vampire,Strategy,4,"Glass: glass enhancement gets removed, no X2 Mult, and there is no chance for the card to break."
Vampire,Strategy,5,"Stone: stone enhancement gets removed and card returns to what it originally was, no +50 Chips, but card will always score for this hand (the type of hand played is not affected)."
Vampire,Strategy,6,"Editions: Editions are not Enhancements, will not get removed by Vampire, and work normally."
Vampire,Strategy,7,"Seals: Seals are not Enhancements, will not get removed by Vampire, and work normally."
Vampire,Strategy,8,The Joker order matters significantly when using certain other Jokers with Vampire:
Vampire,Strategy,9,A second Vampire: only the left-most Vampire can remove enhancements and scale at any time (regardless of how many Midas Masks are used).
Vampire,Strategy,10,Midas Mask:
Vampire,Strategy,11,Putting Midas Mask before Vamp
Walkie Talkie,Synergies,0,"Any Deck synergizes well with Walkie Talkie due to its versatility. However, these have a slightly easier time using it than the others:"
Walkie Talkie,Synergies,1,"Abandoned Deck: Has the highest state of advantage with this Joker, due to having less cards in the Deck overall, thereby making it easier to find 10s and 4s."
Walkie Talkie,Synergies,2,"Painted Deck: This Joker serves as good role compression, providing Chips and Additive Mult while taking up just 1 of the 4 Joker slots. On top of this, the increased hand size allows easier finding of higher quantities of 10s and 4s."
Walkie Talkie,Synergies,3,"Ghost Deck, Magic Deck, and Zodiac Deck: All these have more overall access to the Deck fixing methods that this Joker loves, but they do not have a distinct consistency advantage right away like the aforementioned ones do."
Walkie Talkie,Synergies,4,Focus on these hands in the early game to consistently maximize this Joker's impact:
Walkie Talkie,Synergies,5,Two Pair
Walkie Talkie,Synergies,6,Three of a Kind
Walkie Talkie,Synergies,7,"Full House (the best choice, due to having 5 scoring cards while not being substantially harder to find)"
Walkie Talkie,Synergies,8,"As you manipulate your Deck to include more 10s and 4s, pivot towards these hands (note that 3 of these 4 are secret hands, meaning you will not be able to level scale them right away):"
Walkie Talkie,Synergies,9,Four of a Kind
Walkie Talkie,Synergies,10,Five of a Kind
Walkie Talkie,Synergies,11,Flush House
Walkie Talkie,Synergies,12,Flush Five
Walkie Talkie,Anti-Synergies,0,"Mad World Deck doesn't start with any 10s, which makes Walkie Talkie weaker."
Wee Joker,Synergies,0,"Wee Joker synergizes well with all Decks fairly equally, but some have minor advantages over the others."
Wee Joker,Synergies,1,"Most decks have the same starting amount of four 2s, making Wee Joker synergize with them fairly equally. However, some decks have features that may make utilizing Wee Joker easier:"
Wee Joker,Synergies,2,"Red Deck: The extra Discard allows the player to cycle through more cards, which helps with finding and scoring 2s greatly."
Wee Joker,Synergies,3,"Blue Deck: The extra Hand lets the player use a ""throwaway"" hand for extra scaling, and also acts as a pseudo-Discard, again helping with finding and scoring 2s."
Wee Joker,Synergies,4,"Magic Deck: With the help of the two starting copies of The Fool, the player can potentially create a deck centralized around 2s right at the very beginning. This can help with playing into Wee Joker later tremendously, provided the player can find the Joker. Try copying a Death to convert cards into 2s, or The Hanged Man to get rid of many non-2s at once."
Wee Joker,Synergies,5,"Ghost Deck: Thanks to its easier access to Spectral cards, the Ghost Deck has great potential to manipulate the deck into being beneficial to Wee Joker. Try looking for Cryptid to create multiple new 2s, or Deja Vu to put a red seal on an existing 2."
Wee Joker,Synergies,6,"Abandoned Deck and Mad World Deck: Due to the small size of the deck, the likelihood of stumbling across 2s on these deck is very much better, and thus allows for more efficient scaling."
Wee Joker,Anti-Synergies,0,15 Minute City Deck is not recommended due to lack of 2s by default.
Wee Joker,Strategy,0,"As skipping is usually a high-risk strategy, it can be slightly tricky to win a run in 18 or fewer rounds, meaning the player must skip at least 6 Blinds, averaging at 1.25 Blinds per Ante skipped."
Wee Joker,Notes,0,"As skipping is usually a high-risk strategy, it can be slightly tricky to win a run in 18 or fewer rounds, meaning the player must skip at least 6 Blinds, averaging at 1.25 Blinds per Ante skipped."
Wily Joker,Synergies,0,Abandoned Deck and Mad World Deck work best with Wily Joker thanks to their smaller card count.
Wily Joker,Synergies,1,Erratic Deck can synergize with Wily Joker if it's randomized to have lots of cards of the same rank.
Wily Joker,Synergies,2,"Plasma Deck benefits from the large amount of chips, which, when balanced, greatly boost the score for the played hand."
Wily Joker,Synergies,3,Playing any hand with three cards of the same rank will trigger Wily Joker. This includes:
Wily Joker,Synergies,4,Three of a Kind
Wily Joker,Synergies,5,Full House
Wily Joker,Synergies,6,Four of a Kind
Wily Joker,Synergies,7,Five of a Kind
Wily Joker,Synergies,8,Flush House
Wily Joker,Synergies,9,Flush Five
Wily Joker,Synergies,10,Zany Joker: +12 Mult when played hand contains Three of a kind.
Wily Joker,Synergies,11,The Trio: X3 Mult when played hand contains Three of a kind.
Wrathful Joker,Synergies,0,Magic Deck's Fool Tarots can be used to mass-convert cards to have Spade suits.
Wrathful Joker,Synergies,1,"Ghost Deck can find a Sigil Spectral card in the shop, which may convert cards into Spades."
Wrathful Joker,Synergies,2,"This Joker is easier to take with Checkered Deck, as the deck starts with 26 Spade playing cards."
Wrathful Joker,Synergies,3,"This Joker works best with Flush hands, if they contain only Spade suit cards. These hands are as follows:"
Wrathful Joker,Synergies,4,Flush
Wrathful Joker,Synergies,5,Straight Flush (and Royal Flush)
Wrathful Joker,Synergies,6,Flush House
Wrathful Joker,Synergies,7,Flush Five
Wrathful Joker,Synergies,8,"Other hands that score more cards are generally better to play with Wrathful Joker, as they allow more Spade cards to be scored."
Wrathful Joker,Synergies,9,"As Wrathful Joker's effect triggers when a Spade card is scored, retrigger Jokers, that allow cards to be scored multiple times, are very good to combo with Wrathful."
Wrathful Joker,Synergies,10,"Flush Jokers, like Crafty Joker and Droll Joker, work well with Wrathful Joker, as you want to be playing flushes to maximize its effect anyways."
Wrathful Joker,Synergies,11,"Arrowhead also triggers off of Spade cards scored, forming a natural synergy with Wrathful Joker. As Arrowhead gives a large amount of Chips, Wrathful Joker's innate synergy with it is higher than other suit-Mult Jokers and their upgrades, as they boost both sides of the spectrum. As a result, Wrathful Joker is best with X Mult Jokers, like The Tribe, Card Sharp, Hologram, Cavendish, etc. that can play off of its +15 Mult, assuming 5 Spades are s"
Wrathful Joker,Anti-Synergies,0,"When facing The Goad, all Spade cards are debuffed, meaning Wrathful Joker cannot activate."
Yorick,Synergies,0,"Red Deck starts with an extra discard, which can help Yorick by allowing up to 5 more cards to be discarded than normally available."
Yorick,Synergies,1,"Painted Deck starts with a larger Hand size, letting the player get rid of unused cards to their heart's content while still being able to keep the important cards to form poker hands."
Yorick,Synergies,2,"Five-Card Draw Deck works very well with Yorick, as this deck starts with 6 discards, which means it can consistently gain X1 Mult every blind with the use of 5 discards."
Yorick,Synergies,3,"Golden Needle Deck may also work with Yorick, as this deck also starts with 6 discards. However, this deck penalizes the player by losing $1 for each discard, which can make it awkward to use Yorick."
Yorick,Synergies,4,"Yorick can be made to work with all poker hands. Discarding a large amount of cards to form bigger poker hands like Straight or Full House is a viable strategy, while smaller poker hands like High Card and Pair can still be made consistently after discarding for Yorick."
Yorick,Synergies,5,"Drunkard gives 1 extra discard, which is the same as using Red Deck, making scaling Yorick much easier."
Yorick,Synergies,6,"Merry Andy gives 3 extra discards, which drastically helps improving Yorick, almost always giving at least an extra X1 Mult to it every round if all discards are used to their maximum effect. Though, it is important to note that its downside, -1 Hand size, along with it being an Uncommon,"
Yorick,Anti-Synergies,0,These decks can make Yorick difficult to use:
Yorick,Anti-Synergies,1,"Mad World Deck starts with only 32 cards in deck, which may make it risky to discard more."
Yorick,Anti-Synergies,2,Blast Off Deck starts with 2 discards.
Yorick,Anti-Synergies,3,"Burglar shuts down Yorick by removing all discards and is highly recommended to be avoided at all costs when using Yorick, especially when it has the Eternal sticker."
Yorick,Anti-Synergies,4,"Delayed Gratification, Banner, Green Joker, and Ramen all incentivize not discarding, which goes against Yorick."
Yorick,Anti-Synergies,5,"Trading Card has less synergy with Yorick, since it incentivizes only discarding 1 card for the first discard."
Yorick,Anti-Synergies,6,"The Water gets rid of all discards, meaning Yorick is unable to scale during the blind."
Yorick,Anti-Synergies,7,Blue Stake and above hinder Yorick's potential because they have 1 less disc
Zany Joker,Synergies,0,Ghost Deck has several spectral cards (namely Ouija) that make deck fixing towards Three of a Kind and above much easier.
Zany Joker,Synergies,1,"Abandoned Deck and Mad World Deck both have smaller deck sizes, making Three of a Kinds much more consistent to find."
Zany Joker,Synergies,2,"Painted Deck starts with +2 hand size, making a Three of a Kind easier to search for."
Zany Joker,Synergies,3,Erratic Deck can work well with Zany Joker if the seed grants a deck with many cards of the same rank.
Zany Joker,Synergies,4,Playing any hand with three cards of the same rank will trigger Zany Joker. This includes:
Zany Joker,Synergies,5,Three of a Kind
Zany Joker,Synergies,6,Full House
Zany Joker,Synergies,7,Four of a Kind
Zany Joker,Synergies,8,Five of a Kind
Zany Joker,Synergies,9,Flush House
Zany Joker,Synergies,10,Flush Five
Zany Joker,Synergies,11,Wily Joker gives +100 Chips when playing a Three of a Kind.
Zany Joker,Synergies,12,"The Trio gives X3 Mult when playing any hand that has a Three of a Kind, synergizing greatly with Zany Joker's flat +12 Mult."
Zany Joker,Synergies,13,The Hanged Man and Immolate can cut deck size down on the size of the player's deck and make assembling a Three of a Kind much easier.
Zany Joker,Synergies,14,Death can turn cards into other cards and make Three of a Kinds more consistent to put together.
Zany Joker,Synergies,15,"Ouija makes all cards held in hand the same rank at the cost of reducing hand size by -1, making it easier to assemble a Three of a Kind."
